document_id,spot_id,spot_name,district,category,knowledge_type,content
destination_0001,92,Jainath Temple,Adilabad,religious,destination,"Jainath Temple is a religious tourist destination in Adilabad, Telangana. It has a rating of 4.2 out of 5. Its recorded popularity score is 882. Entry is free. The destination is located near latitude 19.3055 and longitude 78.4530. Visitor feedback includes: ""Deeply spiritual and calm atmosphere. The architecture is beautiful and the energy is very positive."" Visitor feedback includes: ""A sacred place with peaceful vibes. Very clean premises. Dress respectfully before visiting."""
destination_0002,91,Pochera Waterfalls,Adilabad,nature,destination,"Pochera Waterfalls is a nature tourist destination in Adilabad, Telangana. It has a rating of 4.3 out of 5. Its recorded popularity score is 630. Entry fee is approximately ₹30. The destination is located near latitude 19.2905 and longitude 78.3750. Visitor feedback includes: ""Very peaceful and serene environment. Great place to get away from the city noise and enjoy the greenery."" Visitor feedback includes: ""Loved the walking path and gardens. Clean and well-maintained. Go early in the morning for bird watching."""
destination_0003,90,Kuntala Waterfalls,Adilabad,nature,destination,"Kuntala Waterfalls is a nature tourist destination in Adilabad, Telangana. It has a rating of 5.0 out of 5. Its recorded popularity score is 457. Entry fee is approximately ₹40. The destination is located near latitude 19.2786 and longitude 78.4855. Visitor feedback includes: ""Loved the walking path and gardens. Clean and well-maintained. Go early in the morning for bird watching."" Visitor feedback includes: ""An absolute natural paradise! The landscapes are gorgeous and perfect for photography."""
destination_0004,13,Sri Abhaya Anjaneya Temple,Bhadradri Kothagudem,religious,destination,"Sri Abhaya Anjaneya Temple is a religious tourist destination in Bhadradri Kothagudem, Telangana. It has a rating of 4.6 out of 5. Its recorded popularity score is 896. Entry is free. The destination is located near latitude 17.8558 and longitude 80.8119. Visitor feedback includes: ""A sacred place with peaceful vibes. Very clean premises. Dress respectfully before visiting."" Visitor feedback includes: ""Fascinating cultural and spiritual experience. The temple surroundings are vibrant and well-kept."""
destination_0005,9,Godavari Ghat,Bhadradri Kothagudem,other,destination,"Godavari Ghat is a other tourist destination in Bhadradri Kothagudem, Telangana. It has a rating of 4.2 out of 5. Its recorded popularity score is 648. Entry fee is approximately ₹30. The destination is located near latitude 17.6685 and longitude 80.8860. Visitor feedback includes: ""Good experience visiting here. Plenty of photo spots and friendly local vendors around."" Visitor feedback includes: ""Nice spot to spend an hour or two. Easily accessible and has a local charm to it."""
destination_0006,11,Kinnerasani Dam,Bhadradri Kothagudem,nature,destination,"Kinnerasani Dam is a nature tourist destination in Bhadradri Kothagudem, Telangana. It has a rating of 4.2 out of 5. Its recorded popularity score is 438. Entry fee is approximately ₹20. The destination is located near latitude 17.6840 and longitude 80.6550. Visitor feedback includes: ""Very peaceful and serene environment. Great place to get away from the city noise and enjoy the greenery."" Visitor feedback includes: ""Loved the walking path and gardens. Clean and well-maintained. Go early in the morning for bird watching."""
destination_0007,8,Sri Sita Rama Temple,Bhadradri Kothagudem,religious,destination,"Sri Sita Rama Temple is a religious tourist destination in Bhadradri Kothagudem, Telangana. It has a rating of 4.5 out of 5. Its recorded popularity score is 351. Entry is free. The destination is located near latitude 17.6690 and longitude 80.8876. Visitor feedback includes: ""A sacred place with peaceful vibes. Very clean premises. Dress respectfully before visiting."" Visitor feedback includes: ""Fascinating cultural and spiritual experience. The temple surroundings are vibrant and well-kept."""
destination_0008,12,Kinnerasani Wildlife Sanctuary,Bhadradri Kothagudem,nature,destination,"Kinnerasani Wildlife Sanctuary is a nature tourist destination in Bhadradri Kothagudem, Telangana. It has a rating of 4.9 out of 5. Its recorded popularity score is 349. Entry fee is approximately ₹30. The destination is located near latitude 17.6840 and longitude 80.6550. Visitor feedback includes: ""Very peaceful and serene environment. Great place to get away from the city noise and enjoy the greenery."" Visitor feedback includes: ""Loved the walking path and gardens. Clean and well-maintained. Go early in the morning for bird watching."""
destination_0009,14,Parnasala,Bhadradri Kothagudem,other,destination,"Parnasala is a other tourist destination in Bhadradri Kothagudem, Telangana. It has a rating of 4.5 out of 5. Its recorded popularity score is 324. Entry fee is approximately ₹30. The destination is located near latitude 17.9280 and longitude 80.8920. Visitor feedback includes: ""Nice spot to spend an hour or two. Easily accessible and has a local charm to it."" Visitor feedback includes: ""Good experience visiting here. Plenty of photo spots and friendly local vendors around."""
destination_0010,93,Hanuman statue,Bhadradri Kothagudem,other,destination,"Hanuman statue is a other tourist destination in Bhadradri Kothagudem, Telangana. It has a rating of 4.9 out of 5. Its recorded popularity score is 214. Entry fee is approximately ₹30. The destination is located near latitude 17.6736 and longitude 80.8855. Visitor feedback includes: ""Nice spot to spend an hour or two. Easily accessible and has a local charm to it."" Visitor feedback includes: ""Good experience visiting here. Plenty of photo spots and friendly local vendors around."""
destination_0011,22,Musical Garden & Planeterium,Hanumakonda,leisure,destination,"Musical Garden & Planeterium is a leisure tourist destination in Hanumakonda, Telangana. It has a rating of 4.1 out of 5. Its recorded popularity score is 871. Entry fee is approximately ₹50. The destination is located near latitude 18.0256 and longitude 79.4949. Visitor feedback includes: ""Super fun place! Lots of activities and great spots to chill with friends. Highly recommended for weekends."" Visitor feedback includes: ""Vibrant atmosphere, great food stalls nearby, and very lively. Kids will love it."""
destination_0012,20,Siddeswara Temple,Hanumakonda,religious,destination,"Siddeswara Temple is a religious tourist destination in Hanumakonda, Telangana. It has a rating of 4.2 out of 5. Its recorded popularity score is 792. Entry is free. The destination is located near latitude 18.0466 and longitude 79.5739. Visitor feedback includes: ""Deeply spiritual and calm atmosphere. The architecture is beautiful and the energy is very positive."" Visitor feedback includes: ""A sacred place with peaceful vibes. Very clean premises. Dress respectfully before visiting."""
destination_0013,15,Thousand Pillar Temple,Hanumakonda,religious,destination,"Thousand Pillar Temple is a religious tourist destination in Hanumakonda, Telangana. It has a rating of 4.6 out of 5. Its recorded popularity score is 759. Entry is free. The destination is located near latitude 18.0033 and longitude 79.5746. Visitor feedback includes: ""Deeply spiritual and calm atmosphere. The architecture is beautiful and the energy is very positive."" Visitor feedback includes: ""A sacred place with peaceful vibes. Very clean premises. Dress respectfully before visiting."""
destination_0014,100,Inavolu Mallikarjuna Swamy Temple,Hanumakonda,religious,destination,"Inavolu Mallikarjuna Swamy Temple is a religious tourist destination in Hanumakonda, Telangana. It has a rating of 4.1 out of 5. Its recorded popularity score is 641. Entry is free. The destination is located near latitude 17.9956 and longitude 79.4969. Visitor feedback includes: ""Deeply spiritual and calm atmosphere. The architecture is beautiful and the energy is very positive."" Visitor feedback includes: ""A sacred place with peaceful vibes. Very clean premises. Dress respectfully before visiting."""
destination_0015,94,Bhadrakali Lake,Hanumakonda,nature,destination,"Bhadrakali Lake is a nature tourist destination in Hanumakonda, Telangana. It has a rating of 4.4 out of 5. Its recorded popularity score is 612. Entry fee is approximately ₹40. The destination is located near latitude 17.9899 and longitude 79.5808. Visitor feedback includes: ""Loved the walking path and gardens. Clean and well-maintained. Go early in the morning for bird watching."" Visitor feedback includes: ""An absolute natural paradise! The landscapes are gorgeous and perfect for photography."""
destination_0016,97,Public Garden (Hanumakonda),Hanumakonda,leisure,destination,"Public Garden (Hanumakonda) is a leisure tourist destination in Hanumakonda, Telangana. It has a rating of 4.6 out of 5. Its recorded popularity score is 583. Entry fee is approximately ₹200. The destination is located near latitude 18.0088 and longitude 79.5601. Visitor feedback includes: ""Perfect spot to unwind and relax. Lively crowd and excellent recreational facilities."" Visitor feedback includes: ""Super fun place! Lots of activities and great spots to chill with friends. Highly recommended for weekends."""
destination_0017,95,Kakatiya Zoological Park,Hanumakonda,leisure,destination,"Kakatiya Zoological Park is a leisure tourist destination in Hanumakonda, Telangana. It has a rating of 4.9 out of 5. Its recorded popularity score is 561. Entry fee is approximately ₹400. The destination is located near latitude 17.9933 and longitude 79.5604. Visitor feedback includes: ""Perfect spot to unwind and relax. Lively crowd and excellent recreational facilities."" Visitor feedback includes: ""Super fun place! Lots of activities and great spots to chill with friends. Highly recommended for weekends."""
destination_0018,17,Bhadra Kali Temple,Hanumakonda,religious,destination,"Bhadra Kali Temple is a religious tourist destination in Hanumakonda, Telangana. It has a rating of 4.5 out of 5. Its recorded popularity score is 367. Entry is free. The destination is located near latitude 17.9944 and longitude 79.5762. Visitor feedback includes: ""A sacred place with peaceful vibes. Very clean premises. Dress respectfully before visiting."" Visitor feedback includes: ""Fascinating cultural and spiritual experience. The temple surroundings are vibrant and well-kept."""
destination_0019,96,Kothakonda Peak,Hanumakonda,nature,destination,"Kothakonda Peak is a nature tourist destination in Hanumakonda, Telangana. It has a rating of 4.7 out of 5. Its recorded popularity score is 356. Entry fee is approximately ₹40. The destination is located near latitude 18.0422 and longitude 79.3124. Visitor feedback includes: ""An absolute natural paradise! The landscapes are gorgeous and perfect for photography."" Visitor feedback includes: ""Very peaceful and serene environment. Great place to get away from the city noise and enjoy the greenery."""
destination_0020,23,Mallikarjuna Swamy Temple - Inavolu,Hanumakonda,religious,destination,"Mallikarjuna Swamy Temple - Inavolu is a religious tourist destination in Hanumakonda, Telangana. It has a rating of 4.7 out of 5. Its recorded popularity score is 327. Entry is free. The destination is located near latitude 17.9816 and longitude 79.5499. Visitor feedback includes: ""Fascinating cultural and spiritual experience. The temple surroundings are vibrant and well-kept."" Visitor feedback includes: ""Deeply spiritual and calm atmosphere. The architecture is beautiful and the energy is very positive."""
destination_0021,99,Yerragattu Gutta,Hanumakonda,nature,destination,"Yerragattu Gutta is a nature tourist destination in Hanumakonda, Telangana. It has a rating of 4.8 out of 5. Its recorded popularity score is 230. Entry fee is approximately ₹20. The destination is located near latitude 18.0552 and longitude 79.5333. Visitor feedback includes: ""An absolute natural paradise! The landscapes are gorgeous and perfect for photography."" Visitor feedback includes: ""Very peaceful and serene environment. Great place to get away from the city noise and enjoy the greenery."""
destination_0022,98,Shiva Parvathi Statue,Hanumakonda,other,destination,"Shiva Parvathi Statue is a other tourist destination in Hanumakonda, Telangana. It has a rating of 4.8 out of 5. Its recorded popularity score is 191. Entry fee is approximately ₹50. The destination is located near latitude 17.9953 and longitude 79.5834. Visitor feedback includes: ""Good experience visiting here. Plenty of photo spots and friendly local vendors around."" Visitor feedback includes: ""Nice spot to spend an hour or two. Easily accessible and has a local charm to it."""
destination_0023,32,Chowmahalla Palace,Hyderabad,heritage,destination,"Chowmahalla Palace is a heritage tourist destination in Hyderabad, Telangana. It has a rating of 5.0 out of 5. Its recorded popularity score is 992. Entry fee is approximately ₹50. The destination is located near latitude 17.3582 and longitude 78.4717. Visitor feedback includes: ""A stunning architectural marvel! The history here is incredibly rich and well-preserved. Guide services are recommended."" Visitor feedback includes: ""Beautiful place to visit with family. Get tickets online to avoid long queues. Best visited in the morning."""
destination_0024,136,Tribal Museum,Hyderabad,heritage,destination,"Tribal Museum is a heritage tourist destination in Hyderabad, Telangana. It has a rating of 4.4 out of 5. Its recorded popularity score is 986. Entry fee is approximately ₹150. The destination is located near latitude 17.4032 and longitude 78.4504. Visitor feedback includes: ""Beautiful place to visit with family. Get tickets online to avoid long queues. Best visited in the morning."" Visitor feedback includes: ""Breathtaking views and amazing stonework. A must-visit landmark for history enthusiasts."""
destination_0025,107,Bhagwan Das Bagh,Hyderabad,heritage,destination,"Bhagwan Das Bagh is a heritage tourist destination in Hyderabad, Telangana. It has a rating of 4.7 out of 5. Its recorded popularity score is 981. Entry fee is approximately ₹100. The destination is located near latitude 17.3788 and longitude 78.4395. Visitor feedback includes: ""A stunning architectural marvel! The history here is incredibly rich and well-preserved. Guide services are recommended."" Visitor feedback includes: ""Beautiful place to visit with family. Get tickets online to avoid long queues. Best visited in the morning."""
destination_0026,116,Hill Fort Palace,Hyderabad,heritage,destination,"Hill Fort Palace is a heritage tourist destination in Hyderabad, Telangana. It has a rating of 4.5 out of 5. Its recorded popularity score is 932. Entry fee is approximately ₹50. The destination is located near latitude 17.4033 and longitude 78.4737. Visitor feedback includes: ""A stunning architectural marvel! The history here is incredibly rich and well-preserved. Guide services are recommended."" Visitor feedback includes: ""Beautiful place to visit with family. Get tickets online to avoid long queues. Best visited in the morning."""
destination_0027,111,Dabeerpura Darwaza,Hyderabad,heritage,destination,"Dabeerpura Darwaza is a heritage tourist destination in Hyderabad, Telangana. It has a rating of 4.2 out of 5. Its recorded popularity score is 928. Entry fee is approximately ₹50. The destination is located near latitude 17.3679 and longitude 78.4852. Visitor feedback includes: ""Breathtaking views and amazing stonework. A must-visit landmark for history enthusiasts."" Visitor feedback includes: ""A stunning architectural marvel! The history here is incredibly rich and well-preserved. Guide services are recommended."""
destination_0028,34,Golkonda / Golconda Fort,Hyderabad,heritage,destination,"Golkonda / Golconda Fort is a heritage tourist destination in Hyderabad, Telangana. It has a rating of 4.3 out of 5. Its recorded popularity score is 905. Entry fee is approximately ₹100. The destination is located near latitude 17.3833 and longitude 78.4011. Visitor feedback includes: ""Beautiful place to visit with family. Get tickets online to avoid long queues. Best visited in the morning."" Visitor feedback includes: ""Breathtaking views and amazing stonework. A must-visit landmark for history enthusiasts."""
destination_0029,36,Qutub Shahi Tombs,Hyderabad,heritage,destination,"Qutub Shahi Tombs is a heritage tourist destination in Hyderabad, Telangana. It has a rating of 4.8 out of 5. Its recorded popularity score is 902. Entry fee is approximately ₹150. The destination is located near latitude 17.3955 and longitude 78.3965. Visitor feedback includes: ""Breathtaking views and amazing stonework. A must-visit landmark for history enthusiasts."" Visitor feedback includes: ""A stunning architectural marvel! The history here is incredibly rich and well-preserved. Guide services are recommended."""
destination_0030,115,High Court of Telangana,Hyderabad,heritage,destination,"High Court of Telangana is a heritage tourist destination in Hyderabad, Telangana. It has a rating of 4.7 out of 5. Its recorded popularity score is 886. Entry fee is approximately ₹150. The destination is located near latitude 17.3692 and longitude 78.4721. Visitor feedback includes: ""Breathtaking views and amazing stonework. A must-visit landmark for history enthusiasts."" Visitor feedback includes: ""A stunning architectural marvel! The history here is incredibly rich and well-preserved. Guide services are recommended."""
destination_0031,123,Megalithic Burial Site,Hyderabad,heritage,destination,"Megalithic Burial Site is a heritage tourist destination in Hyderabad, Telangana. It has a rating of 4.4 out of 5. Its recorded popularity score is 886. Entry fee is approximately ₹150. The destination is located near latitude 17.4623 and longitude 78.3342. Visitor feedback includes: ""Breathtaking views and amazing stonework. A must-visit landmark for history enthusiasts."" Visitor feedback includes: ""A stunning architectural marvel! The history here is incredibly rich and well-preserved. Guide services are recommended."""
destination_0032,122,Machli Kaman,Hyderabad,heritage,destination,"Machli Kaman is a heritage tourist destination in Hyderabad, Telangana. It has a rating of 4.3 out of 5. Its recorded popularity score is 886. Entry fee is approximately ₹150. The destination is located near latitude 17.3644 and longitude 78.4752. Visitor feedback includes: ""A stunning architectural marvel! The history here is incredibly rich and well-preserved. Guide services are recommended."" Visitor feedback includes: ""Beautiful place to visit with family. Get tickets online to avoid long queues. Best visited in the morning."""
destination_0033,77,Sanjeeviah Park,Hyderabad,leisure,destination,"Sanjeeviah Park is a leisure tourist destination in Hyderabad, Telangana. It has a rating of 4.5 out of 5. Its recorded popularity score is 885. Entry fee is approximately ₹50. The destination is located near latitude 17.4473 and longitude 78.4254. Visitor feedback includes: ""Vibrant atmosphere, great food stalls nearby, and very lively. Kids will love it."" Visitor feedback includes: ""Perfect spot to unwind and relax. Lively crowd and excellent recreational facilities."""
destination_0034,55,Purana Haveli,Hyderabad,other,destination,"Purana Haveli is a other tourist destination in Hyderabad, Telangana. It has a rating of 4.1 out of 5. Its recorded popularity score is 861. Entry fee is approximately ₹50. The destination is located near latitude 17.4233 and longitude 78.4534. Visitor feedback includes: ""Good experience visiting here. Plenty of photo spots and friendly local vendors around."" Visitor feedback includes: ""Nice spot to spend an hour or two. Easily accessible and has a local charm to it."""
destination_0035,110,Clock Tower (Secunderabad),Hyderabad,heritage,destination,"Clock Tower (Secunderabad) is a heritage tourist destination in Hyderabad, Telangana. It has a rating of 4.8 out of 5. Its recorded popularity score is 860. Entry fee is approximately ₹50. The destination is located near latitude 17.4409 and longitude 78.4986. Visitor feedback includes: ""Beautiful place to visit with family. Get tickets online to avoid long queues. Best visited in the morning."" Visitor feedback includes: ""Breathtaking views and amazing stonework. A must-visit landmark for history enthusiasts."""
destination_0036,124,Mehboob Chowk Clock Tower,Hyderabad,heritage,destination,"Mehboob Chowk Clock Tower is a heritage tourist destination in Hyderabad, Telangana. It has a rating of 4.4 out of 5. Its recorded popularity score is 860. Entry fee is approximately ₹50. The destination is located near latitude 17.3619 and longitude 78.4709. Visitor feedback includes: ""Beautiful place to visit with family. Get tickets online to avoid long queues. Best visited in the morning."" Visitor feedback includes: ""Breathtaking views and amazing stonework. A must-visit landmark for history enthusiasts."""
destination_0037,133,Sudha Cars Museum,Hyderabad,heritage,destination,"Sudha Cars Museum is a heritage tourist destination in Hyderabad, Telangana. It has a rating of 4.6 out of 5. Its recorded popularity score is 840. Entry fee is approximately ₹50. The destination is located near latitude 17.3550 and longitude 78.4550. Visitor feedback includes: ""Breathtaking views and amazing stonework. A must-visit landmark for history enthusiasts."" Visitor feedback includes: ""A stunning architectural marvel! The history here is incredibly rich and well-preserved. Guide services are recommended."""
destination_0038,82,Nizam's Museum,Hyderabad,heritage,destination,"Nizam's Museum is a heritage tourist destination in Hyderabad, Telangana. It has a rating of 4.9 out of 5. Its recorded popularity score is 811. Entry fee is approximately ₹200. The destination is located near latitude 17.3650 and longitude 78.4833. Visitor feedback includes: ""Breathtaking views and amazing stonework. A must-visit landmark for history enthusiasts."" Visitor feedback includes: ""A stunning architectural marvel! The history here is incredibly rich and well-preserved. Guide services are recommended."""
destination_0039,40,Birla Planetarium & Science Museum,Hyderabad,heritage,destination,"Birla Planetarium & Science Museum is a heritage tourist destination in Hyderabad, Telangana. It has a rating of 4.9 out of 5. Its recorded popularity score is 772. Entry fee is approximately ₹50. The destination is located near latitude 17.4040 and longitude 78.4770. Visitor feedback includes: ""A stunning architectural marvel! The history here is incredibly rich and well-preserved. Guide services are recommended."" Visitor feedback includes: ""Beautiful place to visit with family. Get tickets online to avoid long queues. Best visited in the morning."""
destination_0040,131,Spanish Mosque,Hyderabad,religious,destination,"Spanish Mosque is a religious tourist destination in Hyderabad, Telangana. It has a rating of 4.7 out of 5. Its recorded popularity score is 771. Entry is free. The destination is located near latitude 17.4428 and longitude 78.4688. Visitor feedback includes: ""Deeply spiritual and calm atmosphere. The architecture is beautiful and the energy is very positive."" Visitor feedback includes: ""A sacred place with peaceful vibes. Very clean premises. Dress respectfully before visiting."""
destination_0041,119,Kalakriti Art Gallery,Hyderabad,heritage,destination,"Kalakriti Art Gallery is a heritage tourist destination in Hyderabad, Telangana. It has a rating of 4.6 out of 5. Its recorded popularity score is 766. Entry fee is approximately ₹150. The destination is located near latitude 17.4161 and longitude 78.4434. Visitor feedback includes: ""Beautiful place to visit with family. Get tickets online to avoid long queues. Best visited in the morning."" Visitor feedback includes: ""Breathtaking views and amazing stonework. A must-visit landmark for history enthusiasts."""
destination_0042,88,Peddamma Temple,Hyderabad,religious,destination,"Peddamma Temple is a religious tourist destination in Hyderabad, Telangana. It has a rating of 4.5 out of 5. Its recorded popularity score is 753. Entry is free. The destination is located near latitude 17.4335 and longitude 78.4065. Visitor feedback includes: ""A sacred place with peaceful vibes. Very clean premises. Dress respectfully before visiting."" Visitor feedback includes: ""Fascinating cultural and spiritual experience. The temple surroundings are vibrant and well-kept."""
destination_0043,72,Indira Park,Hyderabad,leisure,destination,"Indira Park is a leisure tourist destination in Hyderabad, Telangana. It has a rating of 4.3 out of 5. Its recorded popularity score is 753. Entry fee is approximately ₹50. The destination is located near latitude 17.4147 and longitude 78.4831. Visitor feedback includes: ""Perfect spot to unwind and relax. Lively crowd and excellent recreational facilities."" Visitor feedback includes: ""Super fun place! Lots of activities and great spots to chill with friends. Highly recommended for weekends."""
destination_0044,103,Arts College (Osmania University),Hyderabad,heritage,destination,"Arts College (Osmania University) is a heritage tourist destination in Hyderabad, Telangana. It has a rating of 4.7 out of 5. Its recorded popularity score is 749. Entry fee is approximately ₹100. The destination is located near latitude 17.4192 and longitude 78.5263. Visitor feedback includes: ""A stunning architectural marvel! The history here is incredibly rich and well-preserved. Guide services are recommended."" Visitor feedback includes: ""Beautiful place to visit with family. Get tickets online to avoid long queues. Best visited in the morning."""
destination_0045,62,Paigah Tombs,Hyderabad,heritage,destination,"Paigah Tombs is a heritage tourist destination in Hyderabad, Telangana. It has a rating of 4.2 out of 5. Its recorded popularity score is 742. Entry fee is approximately ₹100. The destination is located near latitude 17.3438 and longitude 78.4988. Visitor feedback includes: ""A stunning architectural marvel! The history here is incredibly rich and well-preserved. Guide services are recommended."" Visitor feedback includes: ""Beautiful place to visit with family. Get tickets online to avoid long queues. Best visited in the morning."""
destination_0046,117,Horticulture Museum,Hyderabad,heritage,destination,"Horticulture Museum is a heritage tourist destination in Hyderabad, Telangana. It has a rating of 4.9 out of 5. Its recorded popularity score is 729. Entry fee is approximately ₹100. The destination is located near latitude 17.3913 and longitude 78.4564. Visitor feedback includes: ""A stunning architectural marvel! The history here is incredibly rich and well-preserved. Guide services are recommended."" Visitor feedback includes: ""Beautiful place to visit with family. Get tickets online to avoid long queues. Best visited in the morning."""
destination_0047,75,NTR Gardens,Hyderabad,leisure,destination,"NTR Gardens is a leisure tourist destination in Hyderabad, Telangana. It has a rating of 4.6 out of 5. Its recorded popularity score is 726. Entry fee is approximately ₹50. The destination is located near latitude 17.4128 and longitude 78.4708. Visitor feedback includes: ""Super fun place! Lots of activities and great spots to chill with friends. Highly recommended for weekends."" Visitor feedback includes: ""Vibrant atmosphere, great food stalls nearby, and very lively. Kids will love it."""
destination_0048,33,Falaknuma Palace,Hyderabad,heritage,destination,"Falaknuma Palace is a heritage tourist destination in Hyderabad, Telangana. It has a rating of 4.3 out of 5. Its recorded popularity score is 711. Entry fee is approximately ₹200. The destination is located near latitude 17.3308 and longitude 78.4666. Visitor feedback includes: ""Beautiful place to visit with family. Get tickets online to avoid long queues. Best visited in the morning."" Visitor feedback includes: ""Breathtaking views and amazing stonework. A must-visit landmark for history enthusiasts."""
destination_0049,31,Charminar,Hyderabad,heritage,destination,"Charminar is a heritage tourist destination in Hyderabad, Telangana. It has a rating of 4.7 out of 5. Its recorded popularity score is 709. Entry fee is approximately ₹100. The destination is located near latitude 17.3616 and longitude 78.4747. Visitor feedback includes: ""A stunning architectural marvel! The history here is incredibly rich and well-preserved. Guide services are recommended."" Visitor feedback includes: ""Beautiful place to visit with family. Get tickets online to avoid long queues. Best visited in the morning."""
destination_0050,41,Salar Jung Museum,Hyderabad,heritage,destination,"Salar Jung Museum is a heritage tourist destination in Hyderabad, Telangana. It has a rating of 4.6 out of 5. Its recorded popularity score is 702. Entry fee is approximately ₹150. The destination is located near latitude 17.3714 and longitude 78.4804. Visitor feedback includes: ""Breathtaking views and amazing stonework. A must-visit landmark for history enthusiasts."" Visitor feedback includes: ""A stunning architectural marvel! The history here is incredibly rich and well-preserved. Guide services are recommended."""
destination_0051,132,State Art Gallery,Hyderabad,heritage,destination,"State Art Gallery is a heritage tourist destination in Hyderabad, Telangana. It has a rating of 5.0 out of 5. Its recorded popularity score is 684. Entry fee is approximately ₹50. The destination is located near latitude 17.4365 and longitude 78.3980. Visitor feedback includes: ""A stunning architectural marvel! The history here is incredibly rich and well-preserved. Guide services are recommended."" Visitor feedback includes: ""Beautiful place to visit with family. Get tickets online to avoid long queues. Best visited in the morning."""
destination_0052,39,Nehru Zoological Park,Hyderabad,leisure,destination,"Nehru Zoological Park is a leisure tourist destination in Hyderabad, Telangana. It has a rating of 4.7 out of 5. Its recorded popularity score is 626. Entry fee is approximately ₹100. The destination is located near latitude 17.3503 and longitude 78.4516. Visitor feedback includes: ""Vibrant atmosphere, great food stalls nearby, and very lively. Kids will love it."" Visitor feedback includes: ""Perfect spot to unwind and relax. Lively crowd and excellent recreational facilities."""
destination_0053,128,Railway Museum,Hyderabad,heritage,destination,"Railway Museum is a heritage tourist destination in Hyderabad, Telangana. It has a rating of 4.5 out of 5. Its recorded popularity score is 625. Entry fee is approximately ₹100. The destination is located near latitude 17.3887 and longitude 78.4986. Visitor feedback includes: ""A stunning architectural marvel! The history here is incredibly rich and well-preserved. Guide services are recommended."" Visitor feedback includes: ""Beautiful place to visit with family. Get tickets online to avoid long queues. Best visited in the morning."""
destination_0054,127,Qutb Shahi Tombs,Hyderabad,heritage,destination,"Qutb Shahi Tombs is a heritage tourist destination in Hyderabad, Telangana. It has a rating of 4.9 out of 5. Its recorded popularity score is 615. Entry fee is approximately ₹200. The destination is located near latitude 17.3956 and longitude 78.3969. Visitor feedback includes: ""A stunning architectural marvel! The history here is incredibly rich and well-preserved. Guide services are recommended."" Visitor feedback includes: ""Beautiful place to visit with family. Get tickets online to avoid long queues. Best visited in the morning."""
destination_0055,135,Telangana Martyrs Memorial,Hyderabad,heritage,destination,"Telangana Martyrs Memorial is a heritage tourist destination in Hyderabad, Telangana. It has a rating of 4.9 out of 5. Its recorded popularity score is 604. Entry fee is approximately ₹50. The destination is located near latitude 17.4005 and longitude 78.4737. Visitor feedback includes: ""Breathtaking views and amazing stonework. A must-visit landmark for history enthusiasts."" Visitor feedback includes: ""A stunning architectural marvel! The history here is incredibly rich and well-preserved. Guide services are recommended."""
destination_0056,125,Mir Alam Tank,Hyderabad,nature,destination,"Mir Alam Tank is a nature tourist destination in Hyderabad, Telangana. It has a rating of 4.9 out of 5. Its recorded popularity score is 601. Entry fee is approximately ₹30. The destination is located near latitude 17.3449 and longitude 78.4380. Visitor feedback includes: ""Very peaceful and serene environment. Great place to get away from the city noise and enjoy the greenery."" Visitor feedback includes: ""Loved the walking path and gardens. Clean and well-maintained. Go early in the morning for bird watching."""
destination_0057,101,Annamayya Concert Bhavan,Hyderabad,other,destination,"Annamayya Concert Bhavan is a other tourist destination in Hyderabad, Telangana. It has a rating of 5.0 out of 5. Its recorded popularity score is 600. Entry fee is approximately ₹30. The destination is located near latitude 17.4605 and longitude 78.3761. Visitor feedback includes: ""Nice spot to spend an hour or two. Easily accessible and has a local charm to it."" Visitor feedback includes: ""Good experience visiting here. Plenty of photo spots and friendly local vendors around."""
destination_0058,73,Krishna Kanth Park,Hyderabad,leisure,destination,"Krishna Kanth Park is a leisure tourist destination in Hyderabad, Telangana. It has a rating of 4.3 out of 5. Its recorded popularity score is 593. Entry fee is approximately ₹50. The destination is located near latitude 17.4553 and longitude 78.4464. Visitor feedback includes: ""Perfect spot to unwind and relax. Lively crowd and excellent recreational facilities."" Visitor feedback includes: ""Super fun place! Lots of activities and great spots to chill with friends. Highly recommended for weekends."""
destination_0059,76,Public Gardens,Hyderabad,leisure,destination,"Public Gardens is a leisure tourist destination in Hyderabad, Telangana. It has a rating of 4.6 out of 5. Its recorded popularity score is 583. Entry fee is approximately ₹200. The destination is located near latitude 17.3991 and longitude 78.4703. Visitor feedback includes: ""Perfect spot to unwind and relax. Lively crowd and excellent recreational facilities."" Visitor feedback includes: ""Super fun place! Lots of activities and great spots to chill with friends. Highly recommended for weekends."""
destination_0060,130,Shilpa Kala Vedika,Hyderabad,other,destination,"Shilpa Kala Vedika is a other tourist destination in Hyderabad, Telangana. It has a rating of 4.4 out of 5. Its recorded popularity score is 548. Entry fee is approximately ₹30. The destination is located near latitude 17.4514 and longitude 78.3793. Visitor feedback includes: ""Good experience visiting here. Plenty of photo spots and friendly local vendors around."" Visitor feedback includes: ""Nice spot to spend an hour or two. Easily accessible and has a local charm to it."""
destination_0061,67,Hussain Sagar & Necklace Road,Hyderabad,nature,destination,"Hussain Sagar & Necklace Road is a nature tourist destination in Hyderabad, Telangana. It has a rating of 4.2 out of 5. Its recorded popularity score is 511. Entry fee is approximately ₹20. The destination is located near latitude 17.4230 and longitude 78.4746. Visitor feedback includes: ""An absolute natural paradise! The landscapes are gorgeous and perfect for photography."" Visitor feedback includes: ""Very peaceful and serene environment. Great place to get away from the city noise and enjoy the greenery."""
destination_0062,118,Jalavihar Water Park,Hyderabad,leisure,destination,"Jalavihar Water Park is a leisure tourist destination in Hyderabad, Telangana. It has a rating of 5.0 out of 5. Its recorded popularity score is 507. Entry fee is approximately ₹200. The destination is located near latitude 17.4320 and longitude 78.4653. Visitor feedback includes: ""Perfect spot to unwind and relax. Lively crowd and excellent recreational facilities."" Visitor feedback includes: ""Super fun place! Lots of activities and great spots to chill with friends. Highly recommended for weekends."""
destination_0063,104,Banjara Lake,Hyderabad,nature,destination,"Banjara Lake is a nature tourist destination in Hyderabad, Telangana. It has a rating of 4.2 out of 5. Its recorded popularity score is 501. Entry fee is approximately ₹20. The destination is located near latitude 17.4108 and longitude 78.4479. Visitor feedback includes: ""Very peaceful and serene environment. Great place to get away from the city noise and enjoy the greenery."" Visitor feedback includes: ""Loved the walking path and gardens. Clean and well-maintained. Go early in the morning for bird watching."""
destination_0064,66,Toli Masjid,Hyderabad,religious,destination,"Toli Masjid is a religious tourist destination in Hyderabad, Telangana. It has a rating of 4.6 out of 5. Its recorded popularity score is 496. Entry is free. The destination is located near latitude 17.4583 and longitude 78.4134. Visitor feedback includes: ""Fascinating cultural and spiritual experience. The temple surroundings are vibrant and well-kept."" Visitor feedback includes: ""Deeply spiritual and calm atmosphere. The architecture is beautiful and the energy is very positive."""
destination_0065,120,Khairunnisa Tomb,Hyderabad,heritage,destination,"Khairunnisa Tomb is a heritage tourist destination in Hyderabad, Telangana. It has a rating of 4.0 out of 5. Its recorded popularity score is 490. Entry fee is approximately ₹100. The destination is located near latitude 17.4523 and longitude 78.4414. Visitor feedback includes: ""Beautiful place to visit with family. Get tickets online to avoid long queues. Best visited in the morning."" Visitor feedback includes: ""Breathtaking views and amazing stonework. A must-visit landmark for history enthusiasts."""
destination_0066,112,Errum Manzil Palace,Hyderabad,other,destination,"Errum Manzil Palace is a other tourist destination in Hyderabad, Telangana. It has a rating of 4.6 out of 5. Its recorded popularity score is 489. Entry fee is approximately ₹50. The destination is located near latitude 17.4195 and longitude 78.4546. Visitor feedback includes: ""Nice spot to spend an hour or two. Easily accessible and has a local charm to it."" Visitor feedback includes: ""Good experience visiting here. Plenty of photo spots and friendly local vendors around."""
destination_0067,137,Yellamma Temple (Balkampet),Hyderabad,religious,destination,"Yellamma Temple (Balkampet) is a religious tourist destination in Hyderabad, Telangana. It has a rating of 4.2 out of 5. Its recorded popularity score is 486. Entry is free. The destination is located near latitude 17.4476 and longitude 78.4491. Visitor feedback includes: ""Fascinating cultural and spiritual experience. The temple surroundings are vibrant and well-kept."" Visitor feedback includes: ""Deeply spiritual and calm atmosphere. The architecture is beautiful and the energy is very positive."""
destination_0068,64,Shyam Mandir Temple / Veeranna Gutta,Hyderabad,religious,destination,"Shyam Mandir Temple / Veeranna Gutta is a religious tourist destination in Hyderabad, Telangana. It has a rating of 4.8 out of 5. Its recorded popularity score is 478. Entry is free. The destination is located near latitude 17.4403 and longitude 78.4294. Visitor feedback includes: ""Fascinating cultural and spiritual experience. The temple surroundings are vibrant and well-kept."" Visitor feedback includes: ""Deeply spiritual and calm atmosphere. The architecture is beautiful and the energy is very positive."""
destination_0069,37,Buddha Statue,Hyderabad,other,destination,"Buddha Statue is a other tourist destination in Hyderabad, Telangana. It has a rating of 4.5 out of 5. Its recorded popularity score is 470. Entry fee is approximately ₹30. The destination is located near latitude 17.4026 and longitude 78.4682. Visitor feedback includes: ""Nice spot to spend an hour or two. Easily accessible and has a local charm to it."" Visitor feedback includes: ""Good experience visiting here. Plenty of photo spots and friendly local vendors around."""
destination_0070,78,KBR National Park,Hyderabad,leisure,destination,"KBR National Park is a leisure tourist destination in Hyderabad, Telangana. It has a rating of 4.0 out of 5. Its recorded popularity score is 470. Entry fee is approximately ₹50. The destination is located near latitude 17.4203 and longitude 78.4205. Visitor feedback includes: ""Super fun place! Lots of activities and great spots to chill with friends. Highly recommended for weekends."" Visitor feedback includes: ""Vibrant atmosphere, great food stalls nearby, and very lively. Kids will love it."""
destination_0071,114,Fox Sagar Lake,Hyderabad,nature,destination,"Fox Sagar Lake is a nature tourist destination in Hyderabad, Telangana. It has a rating of 4.9 out of 5. Its recorded popularity score is 464. Entry fee is approximately ₹30. The destination is located near latitude 17.5259 and longitude 78.4683. Visitor feedback includes: ""Loved the walking path and gardens. Clean and well-maintained. Go early in the morning for bird watching."" Visitor feedback includes: ""An absolute natural paradise! The landscapes are gorgeous and perfect for photography."""
destination_0072,35,Birla Temple,Hyderabad,religious,destination,"Birla Temple is a religious tourist destination in Hyderabad, Telangana. It has a rating of 4.3 out of 5. Its recorded popularity score is 459. Entry is free. The destination is located near latitude 17.4062 and longitude 78.4791. Visitor feedback includes: ""Fascinating cultural and spiritual experience. The temple surroundings are vibrant and well-kept."" Visitor feedback includes: ""Deeply spiritual and calm atmosphere. The architecture is beautiful and the energy is very positive."""
destination_0073,56,Mecca Masjid,Hyderabad,religious,destination,"Mecca Masjid is a religious tourist destination in Hyderabad, Telangana. It has a rating of 4.7 out of 5. Its recorded popularity score is 457. Entry is free. The destination is located near latitude 17.3606 and longitude 78.4735. Visitor feedback includes: ""Deeply spiritual and calm atmosphere. The architecture is beautiful and the energy is very positive."" Visitor feedback includes: ""A sacred place with peaceful vibes. Very clean premises. Dress respectfully before visiting."""
destination_0074,65,St. Joseph's Cathedral,Hyderabad,religious,destination,"St. Joseph's Cathedral is a religious tourist destination in Hyderabad, Telangana. It has a rating of 4.7 out of 5. Its recorded popularity score is 449. Entry is free. The destination is located near latitude 17.3957 and longitude 78.4774. Visitor feedback includes: ""Fascinating cultural and spiritual experience. The temple surroundings are vibrant and well-kept."" Visitor feedback includes: ""Deeply spiritual and calm atmosphere. The architecture is beautiful and the energy is very positive."""
destination_0075,105,Bapu Ghat,Hyderabad,other,destination,"Bapu Ghat is a other tourist destination in Hyderabad, Telangana. It has a rating of 4.5 out of 5. Its recorded popularity score is 436. Entry fee is approximately ₹30. The destination is located near latitude 17.3726 and longitude 78.4136. Visitor feedback includes: ""Nice spot to spend an hour or two. Easily accessible and has a local charm to it."" Visitor feedback includes: ""Good experience visiting here. Plenty of photo spots and friendly local vendors around."""
destination_0076,126,Moula Ali Dargah,Hyderabad,religious,destination,"Moula Ali Dargah is a religious tourist destination in Hyderabad, Telangana. It has a rating of 4.3 out of 5. Its recorded popularity score is 377. Entry is free. The destination is located near latitude 17.4687 and longitude 78.5567. Visitor feedback includes: ""Deeply spiritual and calm atmosphere. The architecture is beautiful and the energy is very positive."" Visitor feedback includes: ""A sacred place with peaceful vibes. Very clean premises. Dress respectfully before visiting."""
destination_0077,121,Khajaguda Lake,Hyderabad,nature,destination,"Khajaguda Lake is a nature tourist destination in Hyderabad, Telangana. It has a rating of 4.7 out of 5. Its recorded popularity score is 376. Entry fee is approximately ₹40. The destination is located near latitude 17.4147 and longitude 78.3618. Visitor feedback includes: ""Loved the walking path and gardens. Clean and well-maintained. Go early in the morning for bird watching."" Visitor feedback includes: ""An absolute natural paradise! The landscapes are gorgeous and perfect for photography."""
destination_0078,134,Taramati Baradari,Hyderabad,other,destination,"Taramati Baradari is a other tourist destination in Hyderabad, Telangana. It has a rating of 4.2 out of 5. Its recorded popularity score is 357. Entry fee is approximately ₹50. The destination is located near latitude 17.3761 and longitude 78.3782. Visitor feedback includes: ""Nice spot to spend an hour or two. Easily accessible and has a local charm to it."" Visitor feedback includes: ""Good experience visiting here. Plenty of photo spots and friendly local vendors around."""
destination_0079,108,Biodiversity Park,Hyderabad,leisure,destination,"Biodiversity Park is a leisure tourist destination in Hyderabad, Telangana. It has a rating of 4.2 out of 5. Its recorded popularity score is 345. Entry fee is approximately ₹400. The destination is located near latitude 17.4291 and longitude 78.3765. Visitor feedback includes: ""Perfect spot to unwind and relax. Lively crowd and excellent recreational facilities."" Visitor feedback includes: ""Super fun place! Lots of activities and great spots to chill with friends. Highly recommended for weekends."""
destination_0080,106,Basilica of Our Lady of the Assumption,Hyderabad,religious,destination,"Basilica of Our Lady of the Assumption is a religious tourist destination in Hyderabad, Telangana. It has a rating of 4.6 out of 5. Its recorded popularity score is 339. Entry is free. The destination is located near latitude 17.4423 and longitude 78.5022. Visitor feedback includes: ""Fascinating cultural and spiritual experience. The temple surroundings are vibrant and well-kept."" Visitor feedback includes: ""Deeply spiritual and calm atmosphere. The architecture is beautiful and the energy is very positive."""
destination_0081,113,Exhibition Grounds (Numaish),Hyderabad,other,destination,"Exhibition Grounds (Numaish) is a other tourist destination in Hyderabad, Telangana. It has a rating of 4.9 out of 5. Its recorded popularity score is 307. Entry fee is approximately ₹50. The destination is located near latitude 17.3867 and longitude 78.4705. Visitor feedback includes: ""Nice spot to spend an hour or two. Easily accessible and has a local charm to it."" Visitor feedback includes: ""Good experience visiting here. Plenty of photo spots and friendly local vendors around."""
destination_0082,81,Archival Museum,Hyderabad,heritage,destination,"Archival Museum is a heritage tourist destination in Hyderabad, Telangana. It has a rating of 4.0 out of 5. Its recorded popularity score is 290. Entry fee is approximately ₹100. The destination is located near latitude 17.4523 and longitude 78.4754. Visitor feedback includes: ""A stunning architectural marvel! The history here is incredibly rich and well-preserved. Guide services are recommended."" Visitor feedback includes: ""Beautiful place to visit with family. Get tickets online to avoid long queues. Best visited in the morning."""
destination_0083,138,Purani Haveli,Hyderabad,other,destination,"Purani Haveli is a other tourist destination in Hyderabad, Telangana. It has a rating of 4.2 out of 5. Its recorded popularity score is 282. Entry fee is approximately ₹50. The destination is located near latitude 17.4443 and longitude 78.4514. Visitor feedback includes: ""Nice spot to spend an hour or two. Easily accessible and has a local charm to it."" Visitor feedback includes: ""Good experience visiting here. Plenty of photo spots and friendly local vendors around."""
destination_0084,80,Telangana State Museum,Hyderabad,heritage,destination,"Telangana State Museum is a heritage tourist destination in Hyderabad, Telangana. It has a rating of 4.3 out of 5. Its recorded popularity score is 263. Entry fee is approximately ₹100. The destination is located near latitude 17.4253 and longitude 78.4154. Visitor feedback includes: ""Beautiful place to visit with family. Get tickets online to avoid long queues. Best visited in the morning."" Visitor feedback includes: ""Breathtaking views and amazing stonework. A must-visit landmark for history enthusiasts."""
destination_0085,109,British Residency (Koti),Hyderabad,other,destination,"British Residency (Koti) is a other tourist destination in Hyderabad, Telangana. It has a rating of 4.3 out of 5. Its recorded popularity score is 184. Entry fee is approximately ₹30. The destination is located near latitude 17.3837 and longitude 78.4870. Visitor feedback includes: ""Nice spot to spend an hour or two. Easily accessible and has a local charm to it."" Visitor feedback includes: ""Good experience visiting here. Plenty of photo spots and friendly local vendors around."""
destination_0086,102,Annapurna Studios,Hyderabad,other,destination,"Annapurna Studios is a other tourist destination in Hyderabad, Telangana. It has a rating of 5.0 out of 5. Its recorded popularity score is 168. Entry fee is approximately ₹30. The destination is located near latitude 17.4285 and longitude 78.4237. Visitor feedback includes: ""Good experience visiting here. Plenty of photo spots and friendly local vendors around."" Visitor feedback includes: ""Nice spot to spend an hour or two. Easily accessible and has a local charm to it."""
destination_0087,38,Lumbini Park,Hyderabad,leisure,destination,"Lumbini Park is a leisure tourist destination in Hyderabad, Telangana. It has a rating of 4.4 out of 5. Its recorded popularity score is 168. Entry fee is approximately ₹300. The destination is located near latitude 17.4107 and longitude 78.4744. Visitor feedback includes: ""Vibrant atmosphere, great food stalls nearby, and very lively. Kids will love it."" Visitor feedback includes: ""Perfect spot to unwind and relax. Lively crowd and excellent recreational facilities."""
destination_0088,129,Sanjeevaiah Park,Hyderabad,leisure,destination,"Sanjeevaiah Park is a leisure tourist destination in Hyderabad, Telangana. It has a rating of 4.3 out of 5. Its recorded popularity score is 152. Entry fee is approximately ₹300. The destination is located near latitude 17.4360 and longitude 78.4810. Visitor feedback includes: ""Vibrant atmosphere, great food stalls nearby, and very lively. Kids will love it."" Visitor feedback includes: ""Perfect spot to unwind and relax. Lively crowd and excellent recreational facilities."""
destination_0089,86,Assembly,Hyderabad,other,destination,"Assembly is a other tourist destination in Hyderabad, Telangana. It has a rating of 4.6 out of 5. Its recorded popularity score is 136. Entry fee is approximately ₹50. The destination is located near latitude 17.3983 and longitude 78.4104. Visitor feedback includes: ""Nice spot to spend an hour or two. Easily accessible and has a local charm to it."" Visitor feedback includes: ""Good experience visiting here. Plenty of photo spots and friendly local vendors around."""
destination_0090,139,Dharmapuri Lakshmi Narasimha Swamy Temple,Jagtial,religious,destination,"Dharmapuri Lakshmi Narasimha Swamy Temple is a religious tourist destination in Jagtial, Telangana. It has a rating of 4.2 out of 5. Its recorded popularity score is 682. Entry is free. The destination is located near latitude 18.9480 and longitude 79.0910. Visitor feedback includes: ""A sacred place with peaceful vibes. Very clean premises. Dress respectfully before visiting."" Visitor feedback includes: ""Fascinating cultural and spiritual experience. The temple surroundings are vibrant and well-kept."""
destination_0091,140,Jagtial Fort,Jagtial,heritage,destination,"Jagtial Fort is a heritage tourist destination in Jagtial, Telangana. It has a rating of 4.6 out of 5. Its recorded popularity score is 541. Entry fee is approximately ₹100. The destination is located near latitude 18.7960 and longitude 78.9100. Visitor feedback includes: ""A stunning architectural marvel! The history here is incredibly rich and well-preserved. Guide services are recommended."" Visitor feedback includes: ""Beautiful place to visit with family. Get tickets online to avoid long queues. Best visited in the morning."""
destination_0092,141,Kondagattu Anjaneya Swamy Temple,Jagtial,religious,destination,"Kondagattu Anjaneya Swamy Temple is a religious tourist destination in Jagtial, Telangana. It has a rating of 4.5 out of 5. Its recorded popularity score is 357. Entry is free. The destination is located near latitude 18.6650 and longitude 78.9380. Visitor feedback includes: ""Deeply spiritual and calm atmosphere. The architecture is beautiful and the energy is very positive."" Visitor feedback includes: ""A sacred place with peaceful vibes. Very clean premises. Dress respectfully before visiting."""
destination_0093,143,Kotilingala,Jagtial,other,destination,"Kotilingala is a other tourist destination in Jagtial, Telangana. It has a rating of 4.2 out of 5. Its recorded popularity score is 142. Entry fee is approximately ₹50. The destination is located near latitude 18.9042 and longitude 78.9506. Visitor feedback includes: ""Nice spot to spend an hour or two. Easily accessible and has a local charm to it."" Visitor feedback includes: ""Good experience visiting here. Plenty of photo spots and friendly local vendors around."""
destination_0094,142,Ramalingeshwara Temple,Jagtial,religious,destination,"Ramalingeshwara Temple is a religious tourist destination in Jagtial, Telangana. It has a rating of 4.8 out of 5. Its recorded popularity score is 128. Entry is free. The destination is located near latitude 18.8902 and longitude 78.9946. Visitor feedback includes: ""Fascinating cultural and spiritual experience. The temple surroundings are vibrant and well-kept."" Visitor feedback includes: ""Deeply spiritual and calm atmosphere. The architecture is beautiful and the energy is very positive."""
destination_0095,145,Pembarthi Metal Crafts Village,Jangaon,heritage,destination,"Pembarthi Metal Crafts Village is a heritage tourist destination in Jangaon, Telangana. It has a rating of 4.5 out of 5. Its recorded popularity score is 747. Entry fee is approximately ₹200. The destination is located near latitude 17.7950 and longitude 79.0300. Visitor feedback includes: ""Beautiful place to visit with family. Get tickets online to avoid long queues. Best visited in the morning."" Visitor feedback includes: ""Breathtaking views and amazing stonework. A must-visit landmark for history enthusiasts."""
destination_0096,144,Arya VYyasha  Satram,Jangaon,leisure,destination,"Arya VYyasha  Satram is a leisure tourist destination in Jangaon, Telangana. It has a rating of 4.8 out of 5. Its recorded popularity score is 303. Entry fee is approximately ₹200. The destination is located near latitude 17.6661 and longitude 79.4275. Visitor feedback includes: ""Perfect spot to unwind and relax. Lively crowd and excellent recreational facilities."" Visitor feedback includes: ""Super fun place! Lots of activities and great spots to chill with friends. Highly recommended for weekends."""
destination_0097,146,Khilla Ghanpur (Ghanpur Fort),Jangaon,heritage,destination,"Khilla Ghanpur (Ghanpur Fort) is a heritage tourist destination in Jangaon, Telangana. It has a rating of 4.0 out of 5. Its recorded popularity score is 190. Entry fee is approximately ₹100. The destination is located near latitude 17.7630 and longitude 79.1565. Visitor feedback includes: ""A stunning architectural marvel! The history here is incredibly rich and well-preserved. Guide services are recommended."" Visitor feedback includes: ""Beautiful place to visit with family. Get tickets online to avoid long queues. Best visited in the morning."""
destination_0098,28,Pandavula Guhalu,Jayashankar Bhupalpally,religious,destination,"Pandavula Guhalu is a religious tourist destination in Jayashankar Bhupalpally, Telangana. It has a rating of 4.7 out of 5. Its recorded popularity score is 714. Entry is free. The destination is located near latitude 18.2560 and longitude 79.7920. Visitor feedback includes: ""Deeply spiritual and calm atmosphere. The architecture is beautiful and the energy is very positive."" Visitor feedback includes: ""A sacred place with peaceful vibes. Very clean premises. Dress respectfully before visiting."""
destination_0099,147,Kaleshwaram Temple,Jayashankar Bhupalpally,religious,destination,"Kaleshwaram Temple is a religious tourist destination in Jayashankar Bhupalpally, Telangana. It has a rating of 4.3 out of 5. Its recorded popularity score is 400. Entry is free. The destination is located near latitude 18.8164 and longitude 79.9056. Visitor feedback includes: ""Deeply spiritual and calm atmosphere. The architecture is beautiful and the energy is very positive."" Visitor feedback includes: ""A sacred place with peaceful vibes. Very clean premises. Dress respectfully before visiting."""
destination_0100,150,Gadwal Fort,Jogulamba Gadwal,heritage,destination,"Gadwal Fort is a heritage tourist destination in Jogulamba Gadwal, Telangana. It has a rating of 4.5 out of 5. Its recorded popularity score is 655. Entry fee is approximately ₹200. The destination is located near latitude 16.2305 and longitude 77.8012. Visitor feedback includes: ""Beautiful place to visit with family. Get tickets online to avoid long queues. Best visited in the morning."" Visitor feedback includes: ""Breathtaking views and amazing stonework. A must-visit landmark for history enthusiasts."""
destination_0101,153,Relampadu Balancing Reservoir Dam,Jogulamba Gadwal,nature,destination,"Relampadu Balancing Reservoir Dam is a nature tourist destination in Jogulamba Gadwal, Telangana. It has a rating of 4.2 out of 5. Its recorded popularity score is 472. Entry fee is approximately ₹20. The destination is located near latitude 16.1852 and longitude 77.6624. Visitor feedback includes: ""Very peaceful and serene environment. Great place to get away from the city noise and enjoy the greenery."" Visitor feedback includes: ""Loved the walking path and gardens. Clean and well-maintained. Go early in the morning for bird watching."""
destination_0102,149,Alampur Jogulamba Temple,Jogulamba Gadwal,religious,destination,"Alampur Jogulamba Temple is a religious tourist destination in Jogulamba Gadwal, Telangana. It has a rating of 4.5 out of 5. Its recorded popularity score is 457. Entry is free. The destination is located near latitude 15.8824 and longitude 78.1306. Visitor feedback includes: ""Deeply spiritual and calm atmosphere. The architecture is beautiful and the energy is very positive."" Visitor feedback includes: ""A sacred place with peaceful vibes. Very clean premises. Dress respectfully before visiting."""
destination_0103,151,Guddemdoddi Balancing Reservoir Dam(not a major tourism spot),Jogulamba Gadwal,nature,destination,"Guddemdoddi Balancing Reservoir Dam(not a major tourism spot) is a nature tourist destination in Jogulamba Gadwal, Telangana. It has a rating of 4.9 out of 5. Its recorded popularity score is 188. Entry fee is approximately ₹30. The destination is located near latitude 16.2916 and longitude 77.6522. Visitor feedback includes: ""Very peaceful and serene environment. Great place to get away from the city noise and enjoy the greenery."" Visitor feedback includes: ""Loved the walking path and gardens. Clean and well-maintained. Go early in the morning for bird watching."""
destination_0104,152,Priyadarshini Jurala Dam,Jogulamba Gadwal,nature,destination,"Priyadarshini Jurala Dam is a nature tourist destination in Jogulamba Gadwal, Telangana. It has a rating of 4.3 out of 5. Its recorded popularity score is 161. Entry fee is approximately ₹30. The destination is located near latitude 16.3366 and longitude 77.7055. Visitor feedback includes: ""Very peaceful and serene environment. Great place to get away from the city noise and enjoy the greenery."" Visitor feedback includes: ""Loved the walking path and gardens. Clean and well-maintained. Go early in the morning for bird watching."""
destination_0105,156,Kaulas Fort,Kamareddy,heritage,destination,"Kaulas Fort is a heritage tourist destination in Kamareddy, Telangana. It has a rating of 4.5 out of 5. Its recorded popularity score is 875. Entry fee is approximately ₹200. The destination is located near latitude 18.3225 and longitude 77.6981. Visitor feedback includes: ""A stunning architectural marvel! The history here is incredibly rich and well-preserved. Guide services are recommended."" Visitor feedback includes: ""Beautiful place to visit with family. Get tickets online to avoid long queues. Best visited in the morning."""
destination_0106,154,Domakonda Fort,Kamareddy,heritage,destination,"Domakonda Fort is a heritage tourist destination in Kamareddy, Telangana. It has a rating of 4.7 out of 5. Its recorded popularity score is 712. Entry fee is approximately ₹50. The destination is located near latitude 18.1408 and longitude 78.4686. Visitor feedback includes: ""Breathtaking views and amazing stonework. A must-visit landmark for history enthusiasts."" Visitor feedback includes: ""A stunning architectural marvel! The history here is incredibly rich and well-preserved. Guide services are recommended."""
destination_0107,159,Pocharam Wildlife Sanctuary,Kamareddy,nature,destination,"Pocharam Wildlife Sanctuary is a nature tourist destination in Kamareddy, Telangana. It has a rating of 4.3 out of 5. Its recorded popularity score is 639. Entry fee is approximately ₹30. The destination is located near latitude 18.1500 and longitude 78.1900. Visitor feedback includes: ""Loved the walking path and gardens. Clean and well-maintained. Go early in the morning for bird watching."" Visitor feedback includes: ""An absolute natural paradise! The landscapes are gorgeous and perfect for photography."""
destination_0108,155,Issaipet Dam,Kamareddy,nature,destination,"Issaipet Dam is a nature tourist destination in Kamareddy, Telangana. It has a rating of 4.8 out of 5. Its recorded popularity score is 624. Entry fee is approximately ₹20. The destination is located near latitude 18.3688 and longitude 78.4448. Visitor feedback includes: ""Very peaceful and serene environment. Great place to get away from the city noise and enjoy the greenery."" Visitor feedback includes: ""Loved the walking path and gardens. Clean and well-maintained. Go early in the morning for bird watching."""
destination_0109,158,Nizam Sagar Reservoir,Kamareddy,nature,destination,"Nizam Sagar Reservoir is a nature tourist destination in Kamareddy, Telangana. It has a rating of 4.4 out of 5. Its recorded popularity score is 376. Entry fee is approximately ₹40. The destination is located near latitude 18.1741 and longitude 77.9553. Visitor feedback includes: ""Very peaceful and serene environment. Great place to get away from the city noise and enjoy the greenery."" Visitor feedback includes: ""Loved the walking path and gardens. Clean and well-maintained. Go early in the morning for bird watching."""
destination_0110,157,Nizam Sagar Dam,Kamareddy,nature,destination,"Nizam Sagar Dam is a nature tourist destination in Kamareddy, Telangana. It has a rating of 4.5 out of 5. Its recorded popularity score is 178. Entry fee is approximately ₹20. The destination is located near latitude 18.2095 and longitude 77.9315. Visitor feedback includes: ""An absolute natural paradise! The landscapes are gorgeous and perfect for photography."" Visitor feedback includes: ""Very peaceful and serene environment. Great place to get away from the city noise and enjoy the greenery."""
destination_0111,160,Elgandal Fort,Karimnagar,heritage,destination,"Elgandal Fort is a heritage tourist destination in Karimnagar, Telangana. It has a rating of 4.6 out of 5. Its recorded popularity score is 712. Entry fee is approximately ₹50. The destination is located near latitude 18.4350 and longitude 79.0370. Visitor feedback includes: ""Breathtaking views and amazing stonework. A must-visit landmark for history enthusiasts."" Visitor feedback includes: ""A stunning architectural marvel! The history here is incredibly rich and well-preserved. Guide services are recommended."""
destination_0112,164,Nagunur Fort and Temples,Karimnagar,religious,destination,"Nagunur Fort and Temples is a religious tourist destination in Karimnagar, Telangana. It has a rating of 4.0 out of 5. Its recorded popularity score is 530. Entry is free. The destination is located near latitude 18.4001 and longitude 79.0898. Visitor feedback includes: ""Fascinating cultural and spiritual experience. The temple surroundings are vibrant and well-kept."" Visitor feedback includes: ""Deeply spiritual and calm atmosphere. The architecture is beautiful and the energy is very positive."""
destination_0113,161,Karimnagar Deer Park,Karimnagar,leisure,destination,"Karimnagar Deer Park is a leisure tourist destination in Karimnagar, Telangana. It has a rating of 5.0 out of 5. Its recorded popularity score is 420. Entry fee is approximately ₹300. The destination is located near latitude 18.4210 and longitude 79.1510. Visitor feedback includes: ""Perfect spot to unwind and relax. Lively crowd and excellent recreational facilities."" Visitor feedback includes: ""Super fun place! Lots of activities and great spots to chill with friends. Highly recommended for weekends."""
destination_0114,163,lower maneru dam,Karimnagar,nature,destination,"lower maneru dam is a nature tourist destination in Karimnagar, Telangana. It has a rating of 4.2 out of 5. Its recorded popularity score is 292. Entry fee is approximately ₹20. The destination is located near latitude 18.4083 and longitude 79.1083. Visitor feedback includes: ""Loved the walking path and gardens. Clean and well-maintained. Go early in the morning for bird watching."" Visitor feedback includes: ""An absolute natural paradise! The landscapes are gorgeous and perfect for photography."""
destination_0115,165,Molangur Fort,Karimnagar,heritage,destination,"Molangur Fort is a heritage tourist destination in Karimnagar, Telangana. It has a rating of 4.1 out of 5. Its recorded popularity score is 281. Entry fee is approximately ₹100. The destination is located near latitude 18.4511 and longitude 79.0868. Visitor feedback includes: ""Beautiful place to visit with family. Get tickets online to avoid long queues. Best visited in the morning."" Visitor feedback includes: ""Breathtaking views and amazing stonework. A must-visit landmark for history enthusiasts."""
destination_0116,162,Ujwala Park,Karimnagar,leisure,destination,"Ujwala Park is a leisure tourist destination in Karimnagar, Telangana. It has a rating of 4.2 out of 5. Its recorded popularity score is 228. Entry fee is approximately ₹300. The destination is located near latitude 18.4110 and longitude 79.1410. Visitor feedback includes: ""Vibrant atmosphere, great food stalls nearby, and very lively. Kids will love it."" Visitor feedback includes: ""Perfect spot to unwind and relax. Lively crowd and excellent recreational facilities."""
destination_0117,172,Nelakondapalli Buddhist Stupa,Khammam,heritage,destination,"Nelakondapalli Buddhist Stupa is a heritage tourist destination in Khammam, Telangana. It has a rating of 4.3 out of 5. Its recorded popularity score is 720. Entry fee is approximately ₹50. The destination is located near latitude 17.1510 and longitude 80.1000. Visitor feedback includes: ""A stunning architectural marvel! The history here is incredibly rich and well-preserved. Guide services are recommended."" Visitor feedback includes: ""Beautiful place to visit with family. Get tickets online to avoid long queues. Best visited in the morning."""
destination_0118,175,Tank Bund,Khammam,other,destination,"Tank Bund is a other tourist destination in Khammam, Telangana. It has a rating of 4.2 out of 5. Its recorded popularity score is 616. Entry fee is approximately ₹30. The destination is located near latitude 17.4180 and longitude 78.4780. Visitor feedback includes: ""Nice spot to spend an hour or two. Easily accessible and has a local charm to it."" Visitor feedback includes: ""Good experience visiting here. Plenty of photo spots and friendly local vendors around."""
destination_0119,174,Raati Darwaza,Khammam,other,destination,"Raati Darwaza is a other tourist destination in Khammam, Telangana. It has a rating of 4.0 out of 5. Its recorded popularity score is 590. Entry fee is approximately ₹50. The destination is located near latitude 17.2291 and longitude 80.2434. Visitor feedback includes: ""Nice spot to spend an hour or two. Easily accessible and has a local charm to it."" Visitor feedback includes: ""Good experience visiting here. Plenty of photo spots and friendly local vendors around."""
destination_0120,167,Jalari Gutta,Khammam,nature,destination,"Jalari Gutta is a nature tourist destination in Khammam, Telangana. It has a rating of 4.3 out of 5. Its recorded popularity score is 587. Entry fee is approximately ₹30. The destination is located near latitude 16.9256 and longitude 80.5693. Visitor feedback includes: ""An absolute natural paradise! The landscapes are gorgeous and perfect for photography."" Visitor feedback includes: ""Very peaceful and serene environment. Great place to get away from the city noise and enjoy the greenery."""
destination_0121,169,Khammam Fort,Khammam,heritage,destination,"Khammam Fort is a heritage tourist destination in Khammam, Telangana. It has a rating of 4.5 out of 5. Its recorded popularity score is 536. Entry fee is approximately ₹50. The destination is located near latitude 17.2430 and longitude 80.1470. Visitor feedback includes: ""Beautiful place to visit with family. Get tickets online to avoid long queues. Best visited in the morning."" Visitor feedback includes: ""Breathtaking views and amazing stonework. A must-visit landmark for history enthusiasts."""
destination_0122,176,Kusumanchi Temples,Khammam,religious,destination,"Kusumanchi Temples is a religious tourist destination in Khammam, Telangana. It has a rating of 4.2 out of 5. Its recorded popularity score is 502. Entry is free. The destination is located near latitude 17.1411 and longitude 80.2354. Visitor feedback includes: ""Fascinating cultural and spiritual experience. The temple surroundings are vibrant and well-kept."" Visitor feedback includes: ""Deeply spiritual and calm atmosphere. The architecture is beautiful and the energy is very positive."""
destination_0123,170,Kondakodima Hill,Khammam,nature,destination,"Kondakodima Hill is a nature tourist destination in Khammam, Telangana. It has a rating of 4.7 out of 5. Its recorded popularity score is 442. Entry fee is approximately ₹40. The destination is located near latitude 17.1170 and longitude 80.3652. Visitor feedback includes: ""An absolute natural paradise! The landscapes are gorgeous and perfect for photography."" Visitor feedback includes: ""Very peaceful and serene environment. Great place to get away from the city noise and enjoy the greenery."""
destination_0124,171,Lakaram Lake,Khammam,nature,destination,"Lakaram Lake is a nature tourist destination in Khammam, Telangana. It has a rating of 4.6 out of 5. Its recorded popularity score is 409. Entry fee is approximately ₹30. The destination is located near latitude 17.2510 and longitude 80.1600. Visitor feedback includes: ""Loved the walking path and gardens. Clean and well-maintained. Go early in the morning for bird watching."" Visitor feedback includes: ""An absolute natural paradise! The landscapes are gorgeous and perfect for photography."""
destination_0125,166,Amudalu Gutta,Khammam,nature,destination,"Amudalu Gutta is a nature tourist destination in Khammam, Telangana. It has a rating of 4.2 out of 5. Its recorded popularity score is 406. Entry fee is approximately ₹20. The destination is located near latitude 16.8929 and longitude 80.5452. Visitor feedback includes: ""Very peaceful and serene environment. Great place to get away from the city noise and enjoy the greenery."" Visitor feedback includes: ""Loved the walking path and gardens. Clean and well-maintained. Go early in the morning for bird watching."""
destination_0126,173,Pandavula Gutta,Khammam,nature,destination,"Pandavula Gutta is a nature tourist destination in Khammam, Telangana. It has a rating of 4.4 out of 5. Its recorded popularity score is 350. Entry fee is approximately ₹40. The destination is located near latitude 16.9048 and longitude 80.5363. Visitor feedback includes: ""Very peaceful and serene environment. Great place to get away from the city noise and enjoy the greenery."" Visitor feedback includes: ""Loved the walking path and gardens. Clean and well-maintained. Go early in the morning for bird watching."""
destination_0127,168,Kattaleru Check Dam,Khammam,nature,destination,"Kattaleru Check Dam is a nature tourist destination in Khammam, Telangana. It has a rating of 4.3 out of 5. Its recorded popularity score is 274. Entry fee is approximately ₹30. The destination is located near latitude 16.9497 and longitude 80.4962. Visitor feedback includes: ""Loved the walking path and gardens. Clean and well-maintained. Go early in the morning for bird watching."" Visitor feedback includes: ""An absolute natural paradise! The landscapes are gorgeous and perfect for photography."""
destination_0128,177,Jodeghat Memorial,Komaram Bheem Asifabad,heritage,destination,"Jodeghat Memorial is a heritage tourist destination in Komaram Bheem Asifabad, Telangana. It has a rating of 4.6 out of 5. Its recorded popularity score is 621. Entry fee is approximately ₹100. The destination is located near latitude 19.3400 and longitude 79.1200. Visitor feedback includes: ""Beautiful place to visit with family. Get tickets online to avoid long queues. Best visited in the morning."" Visitor feedback includes: ""Breathtaking views and amazing stonework. A must-visit landmark for history enthusiasts."""
destination_0129,178,Kerameri Ghats,Komaram Bheem Asifabad,other,destination,"Kerameri Ghats is a other tourist destination in Komaram Bheem Asifabad, Telangana. It has a rating of 4.6 out of 5. Its recorded popularity score is 323. Entry fee is approximately ₹50. The destination is located near latitude 19.4500 and longitude 79.1900. Visitor feedback includes: ""Good experience visiting here. Plenty of photo spots and friendly local vendors around."" Visitor feedback includes: ""Nice spot to spend an hour or two. Easily accessible and has a local charm to it."""
destination_0130,179,Kuravi Veerabhadra Swamy Temple,Mahabubabad,religious,destination,"Kuravi Veerabhadra Swamy Temple is a religious tourist destination in Mahabubabad, Telangana. It has a rating of 4.3 out of 5. Its recorded popularity score is 783. Entry is free. The destination is located near latitude 17.3820 and longitude 80.0550. Visitor feedback includes: ""Fascinating cultural and spiritual experience. The temple surroundings are vibrant and well-kept."" Visitor feedback includes: ""Deeply spiritual and calm atmosphere. The architecture is beautiful and the energy is very positive."""
destination_0131,181,"palle prakruthi vanam (local village park, not a major tourist attraction)",Mahabubabad,nature,destination,"palle prakruthi vanam (local village park, not a major tourist attraction) is a nature tourist destination in Mahabubabad, Telangana. It has a rating of 4.2 out of 5. Its recorded popularity score is 523. Entry fee is approximately ₹20. The destination is located near latitude 17.4918 and longitude 79.6476. Visitor feedback includes: ""An absolute natural paradise! The landscapes are gorgeous and perfect for photography."" Visitor feedback includes: ""Very peaceful and serene environment. Great place to get away from the city noise and enjoy the greenery."""
destination_0132,25,Bheemuni Paadam Waterfalls,Mahabubabad,nature,destination,"Bheemuni Paadam Waterfalls is a nature tourist destination in Mahabubabad, Telangana. It has a rating of 4.8 out of 5. Its recorded popularity score is 275. Entry fee is approximately ₹20. The destination is located near latitude 17.4800 and longitude 80.0200. Visitor feedback includes: ""Very peaceful and serene environment. Great place to get away from the city noise and enjoy the greenery."" Visitor feedback includes: ""Loved the walking path and gardens. Clean and well-maintained. Go early in the morning for bird watching."""
destination_0133,180,Pakhal WLS,Mahabubabad,nature,destination,"Pakhal WLS is a nature tourist destination in Mahabubabad, Telangana. It has a rating of 4.3 out of 5. Its recorded popularity score is 201. Entry fee is approximately ₹30. The destination is located near latitude 17.9212 and longitude 80.1018. Visitor feedback includes: ""Loved the walking path and gardens. Clean and well-maintained. Go early in the morning for bird watching."" Visitor feedback includes: ""An absolute natural paradise! The landscapes are gorgeous and perfect for photography."""
destination_0134,185,Pillalamarri Mini Zoo,Mahabubnagar,leisure,destination,"Pillalamarri Mini Zoo is a leisure tourist destination in Mahabubnagar, Telangana. It has a rating of 4.4 out of 5. Its recorded popularity score is 824. Entry fee is approximately ₹50. The destination is located near latitude 16.6881 and longitude 77.9788. Visitor feedback includes: ""Perfect spot to unwind and relax. Lively crowd and excellent recreational facilities."" Visitor feedback includes: ""Super fun place! Lots of activities and great spots to chill with friends. Highly recommended for weekends."""
destination_0135,183,Manyamkonda Temple,Mahabubnagar,religious,destination,"Manyamkonda Temple is a religious tourist destination in Mahabubnagar, Telangana. It has a rating of 4.2 out of 5. Its recorded popularity score is 615. Entry is free. The destination is located near latitude 16.6450 and longitude 77.8920. Visitor feedback includes: ""Deeply spiritual and calm atmosphere. The architecture is beautiful and the energy is very positive."" Visitor feedback includes: ""A sacred place with peaceful vibes. Very clean premises. Dress respectfully before visiting."""
destination_0136,186,Koilkonda Fort,Mahabubnagar,heritage,destination,"Koilkonda Fort is a heritage tourist destination in Mahabubnagar, Telangana. It has a rating of 4.5 out of 5. Its recorded popularity score is 565. Entry fee is approximately ₹100. The destination is located near latitude 16.7291 and longitude 77.9598. Visitor feedback includes: ""Beautiful place to visit with family. Get tickets online to avoid long queues. Best visited in the morning."" Visitor feedback includes: ""Breathtaking views and amazing stonework. A must-visit landmark for history enthusiasts."""
destination_0137,184,Pillalamarri Banyan Tree,Mahabubnagar,other,destination,"Pillalamarri Banyan Tree is a other tourist destination in Mahabubnagar, Telangana. It has a rating of 4.7 out of 5. Its recorded popularity score is 497. Entry fee is approximately ₹50. The destination is located near latitude 16.7620 and longitude 78.0060. Visitor feedback includes: ""Nice spot to spend an hour or two. Easily accessible and has a local charm to it."" Visitor feedback includes: ""Good experience visiting here. Plenty of photo spots and friendly local vendors around."""
destination_0138,182,Koilsagar Dam,Mahabubnagar,nature,destination,"Koilsagar Dam is a nature tourist destination in Mahabubnagar, Telangana. It has a rating of 4.9 out of 5. Its recorded popularity score is 399. Entry fee is approximately ₹30. The destination is located near latitude 16.4020 and longitude 77.7980. Visitor feedback includes: ""An absolute natural paradise! The landscapes are gorgeous and perfect for photography."" Visitor feedback includes: ""Very peaceful and serene environment. Great place to get away from the city noise and enjoy the greenery."""
destination_0139,51,Pillalamarri / Big Banyan Tree,Mahabubnagar,other,destination,"Pillalamarri / Big Banyan Tree is a other tourist destination in Mahabubnagar, Telangana. It has a rating of 4.3 out of 5. Its recorded popularity score is 393. Entry fee is approximately ₹50. The destination is located near latitude 16.7460 and longitude 78.0110. Visitor feedback includes: ""Good experience visiting here. Plenty of photo spots and friendly local vendors around."" Visitor feedback includes: ""Nice spot to spend an hour or two. Easily accessible and has a local charm to it."""
destination_0140,188,Gandhari Killa,Mancherial,heritage,destination,"Gandhari Killa is a heritage tourist destination in Mancherial, Telangana. It has a rating of 5.0 out of 5. Its recorded popularity score is 756. Entry fee is approximately ₹50. The destination is located near latitude 18.9100 and longitude 79.4100. Visitor feedback includes: ""Beautiful place to visit with family. Get tickets online to avoid long queues. Best visited in the morning."" Visitor feedback includes: ""Breathtaking views and amazing stonework. A must-visit landmark for history enthusiasts."""
destination_0141,191,Parvati Barrage,Mancherial,nature,destination,"Parvati Barrage is a nature tourist destination in Mancherial, Telangana. It has a rating of 4.5 out of 5. Its recorded popularity score is 644. Entry fee is approximately ₹20. The destination is located near latitude 18.7370 and longitude 79.6120. Visitor feedback includes: ""An absolute natural paradise! The landscapes are gorgeous and perfect for photography."" Visitor feedback includes: ""Very peaceful and serene environment. Great place to get away from the city noise and enjoy the greenery."""
destination_0142,189,Kawal Tiger Reserve,Mancherial,nature,destination,"Kawal Tiger Reserve is a nature tourist destination in Mancherial, Telangana. It has a rating of 4.4 out of 5. Its recorded popularity score is 413. Entry fee is approximately ₹40. The destination is located near latitude 19.1200 and longitude 78.9500. Visitor feedback includes: ""An absolute natural paradise! The landscapes are gorgeous and perfect for photography."" Visitor feedback includes: ""Very peaceful and serene environment. Great place to get away from the city noise and enjoy the greenery."""
destination_0143,192,Pranahita WLS,Mancherial,nature,destination,"Pranahita WLS is a nature tourist destination in Mancherial, Telangana. It has a rating of 4.6 out of 5. Its recorded popularity score is 235. Entry fee is approximately ₹30. The destination is located near latitude 18.9632 and longitude 79.8670. Visitor feedback includes: ""An absolute natural paradise! The landscapes are gorgeous and perfect for photography."" Visitor feedback includes: ""Very peaceful and serene environment. Great place to get away from the city noise and enjoy the greenery."""
destination_0144,187,Annaram Barrage,Mancherial,nature,destination,"Annaram Barrage is a nature tourist destination in Mancherial, Telangana. It has a rating of 4.9 out of 5. Its recorded popularity score is 215. Entry fee is approximately ₹30. The destination is located near latitude 18.7634 and longitude 79.8244. Visitor feedback includes: ""Very peaceful and serene environment. Great place to get away from the city noise and enjoy the greenery."" Visitor feedback includes: ""Loved the walking path and gardens. Clean and well-maintained. Go early in the morning for bird watching."""
destination_0145,190,Medigadda Barrage Complex,Mancherial,nature,destination,"Medigadda Barrage Complex is a nature tourist destination in Mancherial, Telangana. It has a rating of 4.4 out of 5. Its recorded popularity score is 158. Entry fee is approximately ₹40. The destination is located near latitude 18.7161 and longitude 80.0667. Visitor feedback includes: ""Loved the walking path and gardens. Clean and well-maintained. Go early in the morning for bird watching."" Visitor feedback includes: ""An absolute natural paradise! The landscapes are gorgeous and perfect for photography."""
destination_0146,89,Medak Fort,Medak,heritage,destination,"Medak Fort is a heritage tourist destination in Medak, Telangana. It has a rating of 4.3 out of 5. Its recorded popularity score is 943. Entry fee is approximately ₹200. The destination is located near latitude 18.0460 and longitude 78.2430. Visitor feedback includes: ""A stunning architectural marvel! The history here is incredibly rich and well-preserved. Guide services are recommended."" Visitor feedback includes: ""Beautiful place to visit with family. Get tickets online to avoid long queues. Best visited in the morning."""
destination_0147,48,Edupayala Vana Durga Bhavani Temple,Medak,religious,destination,"Edupayala Vana Durga Bhavani Temple is a religious tourist destination in Medak, Telangana. It has a rating of 4.9 out of 5. Its recorded popularity score is 685. Entry is free. The destination is located near latitude 17.9625 and longitude 78.1315. Visitor feedback includes: ""Deeply spiritual and calm atmosphere. The architecture is beautiful and the energy is very positive."" Visitor feedback includes: ""A sacred place with peaceful vibes. Very clean premises. Dress respectfully before visiting."""
destination_0148,53,Pocharam Dam & Wildlife Sanctuary,Medak,nature,destination,"Pocharam Dam & Wildlife Sanctuary is a nature tourist destination in Medak, Telangana. It has a rating of 4.3 out of 5. Its recorded popularity score is 639. Entry fee is approximately ₹30. The destination is located near latitude 18.1500 and longitude 78.1900. Visitor feedback includes: ""An absolute natural paradise! The landscapes are gorgeous and perfect for photography."" Visitor feedback includes: ""Very peaceful and serene environment. Great place to get away from the city noise and enjoy the greenery."""
destination_0149,50,Medak Church,Medak,other,destination,"Medak Church is a other tourist destination in Medak, Telangana. It has a rating of 4.9 out of 5. Its recorded popularity score is 481. Entry fee is approximately ₹50. The destination is located near latitude 18.0435 and longitude 78.2618. Visitor feedback includes: ""Nice spot to spend an hour or two. Easily accessible and has a local charm to it."" Visitor feedback includes: ""Good experience visiting here. Plenty of photo spots and friendly local vendors around."""
destination_0150,193,Air Force Academy Museum (AFA Museum),Medchal-Malkajgiri,heritage,destination,"Air Force Academy Museum (AFA Museum) is a heritage tourist destination in Medchal-Malkajgiri, Telangana. It has a rating of 4.8 out of 5. Its recorded popularity score is 723. Entry fee is approximately ₹200. The destination is located near latitude 17.6372 and longitude 78.4038. Visitor feedback includes: ""Beautiful place to visit with family. Get tickets online to avoid long queues. Best visited in the morning."" Visitor feedback includes: ""Breathtaking views and amazing stonework. A must-visit landmark for history enthusiasts."""
destination_0151,198,Genome Valley Nature Area,Medchal-Malkajgiri,nature,destination,"Genome Valley Nature Area is a nature tourist destination in Medchal-Malkajgiri, Telangana. It has a rating of 4.2 out of 5. Its recorded popularity score is 619. Entry fee is approximately ₹20. The destination is located near latitude 17.4337 and longitude 78.5457. Visitor feedback includes: ""Very peaceful and serene environment. Great place to get away from the city noise and enjoy the greenery."" Visitor feedback includes: ""Loved the walking path and gardens. Clean and well-maintained. Go early in the morning for bird watching."""
destination_0152,59,Keesara Gutta,Medchal-Malkajgiri,religious,destination,"Keesara Gutta is a religious tourist destination in Medchal-Malkajgiri, Telangana. It has a rating of 4.5 out of 5. Its recorded popularity score is 605. Entry is free. The destination is located near latitude 17.5250 and longitude 78.6810. Visitor feedback includes: ""A sacred place with peaceful vibes. Very clean premises. Dress respectfully before visiting."" Visitor feedback includes: ""Fascinating cultural and spiritual experience. The temple surroundings are vibrant and well-kept."""
destination_0153,194,"Air Force Museum, Hakimpet",Medchal-Malkajgiri,heritage,destination,"Air Force Museum, Hakimpet is a heritage tourist destination in Medchal-Malkajgiri, Telangana. It has a rating of 4.9 out of 5. Its recorded popularity score is 579. Entry fee is approximately ₹100. The destination is located near latitude 17.5552 and longitude 78.5264. Visitor feedback includes: ""Breathtaking views and amazing stonework. A must-visit landmark for history enthusiasts."" Visitor feedback includes: ""A stunning architectural marvel! The history here is incredibly rich and well-preserved. Guide services are recommended."""
destination_0154,61,Maula Ali Dargah,Medchal-Malkajgiri,religious,destination,"Maula Ali Dargah is a religious tourist destination in Medchal-Malkajgiri, Telangana. It has a rating of 4.8 out of 5. Its recorded popularity score is 528. Entry is free. The destination is located near latitude 17.4876 and longitude 78.5163. Visitor feedback includes: ""Fascinating cultural and spiritual experience. The temple surroundings are vibrant and well-kept."" Visitor feedback includes: ""Deeply spiritual and calm atmosphere. The architecture is beautiful and the energy is very positive."""
destination_0155,83,Shamir Pet,Medchal-Malkajgiri,nature,destination,"Shamir Pet is a nature tourist destination in Medchal-Malkajgiri, Telangana. It has a rating of 4.5 out of 5. Its recorded popularity score is 478. Entry fee is approximately ₹20. The destination is located near latitude 17.6250 and longitude 78.5660. Visitor feedback includes: ""An absolute natural paradise! The landscapes are gorgeous and perfect for photography."" Visitor feedback includes: ""Very peaceful and serene environment. Great place to get away from the city noise and enjoy the greenery."""
destination_0156,197,Saigeetha Ashramam,Medchal-Malkajgiri,nature,destination,"Saigeetha Ashramam is a nature tourist destination in Medchal-Malkajgiri, Telangana. It has a rating of 4.8 out of 5. Its recorded popularity score is 430. Entry fee is approximately ₹20. The destination is located near latitude 17.5794 and longitude 78.5021. Visitor feedback includes: ""An absolute natural paradise! The landscapes are gorgeous and perfect for photography."" Visitor feedback includes: ""Very peaceful and serene environment. Great place to get away from the city noise and enjoy the greenery."""
destination_0157,196,Anandavihara Buddhist Monastery,Medchal-Malkajgiri,other,destination,"Anandavihara Buddhist Monastery is a other tourist destination in Medchal-Malkajgiri, Telangana. It has a rating of 4.0 out of 5. Its recorded popularity score is 320. Entry fee is approximately ₹50. The destination is located near latitude 17.4796 and longitude 78.6063. Visitor feedback includes: ""Nice spot to spend an hour or two. Easily accessible and has a local charm to it."" Visitor feedback includes: ""Good experience visiting here. Plenty of photo spots and friendly local vendors around."""
destination_0158,195,Edulabad Lake,Medchal-Malkajgiri,nature,destination,"Edulabad Lake is a nature tourist destination in Medchal-Malkajgiri, Telangana. It has a rating of 4.5 out of 5. Its recorded popularity score is 304. Entry fee is approximately ₹20. The destination is located near latitude 17.4255 and longitude 78.6979. Visitor feedback includes: ""An absolute natural paradise! The landscapes are gorgeous and perfect for photography."" Visitor feedback includes: ""Very peaceful and serene environment. Great place to get away from the city noise and enjoy the greenery."""
destination_0159,203,Tadvai Forest,Mulugu,nature,destination,"Tadvai Forest is a nature tourist destination in Mulugu, Telangana. It has a rating of 4.1 out of 5. Its recorded popularity score is 821. Entry fee is approximately ₹30. The destination is located near latitude 18.3455 and longitude 80.3570. Visitor feedback includes: ""Loved the walking path and gardens. Clean and well-maintained. Go early in the morning for bird watching."" Visitor feedback includes: ""An absolute natural paradise! The landscapes are gorgeous and perfect for photography."""
destination_0160,10,Bogatha Waterfall,Mulugu,religious,destination,"Bogatha Waterfall is a religious tourist destination in Mulugu, Telangana. It has a rating of 4.7 out of 5. Its recorded popularity score is 714. Entry is free. The destination is located near latitude 18.4812 and longitude 80.4998. Visitor feedback includes: ""Deeply spiritual and calm atmosphere. The architecture is beautiful and the energy is very positive."" Visitor feedback includes: ""A sacred place with peaceful vibes. Very clean premises. Dress respectfully before visiting."""
destination_0161,27,Eturnagaram Sanctuary,Mulugu,religious,destination,"Eturnagaram Sanctuary is a religious tourist destination in Mulugu, Telangana. It has a rating of 4.7 out of 5. Its recorded popularity score is 714. Entry is free. The destination is located near latitude 18.3370 and longitude 80.4285. Visitor feedback includes: ""A sacred place with peaceful vibes. Very clean premises. Dress respectfully before visiting."" Visitor feedback includes: ""Fascinating cultural and spiritual experience. The temple surroundings are vibrant and well-kept."""
destination_0162,26,Laknavaram Lake,Mulugu,religious,destination,"Laknavaram Lake is a religious tourist destination in Mulugu, Telangana. It has a rating of 4.7 out of 5. Its recorded popularity score is 714. Entry is free. The destination is located near latitude 18.1480 and longitude 80.0603. Visitor feedback includes: ""Deeply spiritual and calm atmosphere. The architecture is beautiful and the energy is very positive."" Visitor feedback includes: ""A sacred place with peaceful vibes. Very clean premises. Dress respectfully before visiting."""
destination_0163,29,Medaram,Mulugu,religious,destination,"Medaram is a religious tourist destination in Mulugu, Telangana. It has a rating of 4.7 out of 5. Its recorded popularity score is 714. Entry is free. The destination is located near latitude 18.3210 and longitude 80.2428. Visitor feedback includes: ""Deeply spiritual and calm atmosphere. The architecture is beautiful and the energy is very positive."" Visitor feedback includes: ""A sacred place with peaceful vibes. Very clean premises. Dress respectfully before visiting."""
destination_0164,19,Ramappa Temple,Mulugu,religious,destination,"Ramappa Temple is a religious tourist destination in Mulugu, Telangana. It has a rating of 4.7 out of 5. Its recorded popularity score is 714. Entry is free. The destination is located near latitude 18.2593 and longitude 79.9432. Visitor feedback includes: ""A sacred place with peaceful vibes. Very clean premises. Dress respectfully before visiting."" Visitor feedback includes: ""Fascinating cultural and spiritual experience. The temple surroundings are vibrant and well-kept."""
destination_0165,201,Ghanpur Cheruvu (local lake),Mulugu,nature,destination,"Ghanpur Cheruvu (local lake) is a nature tourist destination in Mulugu, Telangana. It has a rating of 4.2 out of 5. Its recorded popularity score is 571. Entry fee is approximately ₹20. The destination is located near latitude 18.3039 and longitude 79.8576. Visitor feedback includes: ""Very peaceful and serene environment. Great place to get away from the city noise and enjoy the greenery."" Visitor feedback includes: ""Loved the walking path and gardens. Clean and well-maintained. Go early in the morning for bird watching."""
destination_0166,200,Doli Gutta,Mulugu,nature,destination,"Doli Gutta is a nature tourist destination in Mulugu, Telangana. It has a rating of 4.3 out of 5. Its recorded popularity score is 471. Entry fee is approximately ₹30. The destination is located near latitude 18.3429 and longitude 80.7410. Visitor feedback includes: ""An absolute natural paradise! The landscapes are gorgeous and perfect for photography."" Visitor feedback includes: ""Very peaceful and serene environment. Great place to get away from the city noise and enjoy the greenery."""
destination_0167,199,Bedam Gutta,Mulugu,nature,destination,"Bedam Gutta is a nature tourist destination in Mulugu, Telangana. It has a rating of 4.2 out of 5. Its recorded popularity score is 362. Entry fee is approximately ₹20. The destination is located near latitude 18.3995 and longitude 80.7143. Visitor feedback includes: ""Loved the walking path and gardens. Clean and well-maintained. Go early in the morning for bird watching."" Visitor feedback includes: ""An absolute natural paradise! The landscapes are gorgeous and perfect for photography."""
destination_0168,148,Ramappa Lake,Mulugu,nature,destination,"Ramappa Lake is a nature tourist destination in Mulugu, Telangana. It has a rating of 5.0 out of 5. Its recorded popularity score is 334. Entry fee is approximately ₹40. The destination is located near latitude 18.2550 and longitude 79.9280. Visitor feedback includes: ""An absolute natural paradise! The landscapes are gorgeous and perfect for photography."" Visitor feedback includes: ""Very peaceful and serene environment. Great place to get away from the city noise and enjoy the greenery."""
destination_0169,202,Sammakka Barrage,Mulugu,nature,destination,"Sammakka Barrage is a nature tourist destination in Mulugu, Telangana. It has a rating of 4.5 out of 5. Its recorded popularity score is 248. Entry fee is approximately ₹20. The destination is located near latitude 18.5862 and longitude 80.3909. Visitor feedback includes: ""Very peaceful and serene environment. Great place to get away from the city noise and enjoy the greenery."" Visitor feedback includes: ""Loved the walking path and gardens. Clean and well-maintained. Go early in the morning for bird watching."""
destination_0170,205,Environment Educational Centre,Nagarkurnool,heritage,destination,"Environment Educational Centre is a heritage tourist destination in Nagarkurnool, Telangana. It has a rating of 4.7 out of 5. Its recorded popularity score is 616. Entry fee is approximately ₹50. The destination is located near latitude 16.3766 and longitude 78.7554. Visitor feedback includes: ""Breathtaking views and amazing stonework. A must-visit landmark for history enthusiasts."" Visitor feedback includes: ""A stunning architectural marvel! The history here is incredibly rich and well-preserved. Guide services are recommended."""
destination_0171,204,Chandra Sagar (local lake),Nagarkurnool,nature,destination,"Chandra Sagar (local lake) is a nature tourist destination in Nagarkurnool, Telangana. It has a rating of 4.3 out of 5. Its recorded popularity score is 567. Entry fee is approximately ₹30. The destination is located near latitude 16.4221 and longitude 78.7240. Visitor feedback includes: ""Loved the walking path and gardens. Clean and well-maintained. Go early in the morning for bird watching."" Visitor feedback includes: ""An absolute natural paradise! The landscapes are gorgeous and perfect for photography."""
destination_0172,206,Farhabad Viewpoint,Nagarkurnool,other,destination,"Farhabad Viewpoint is a other tourist destination in Nagarkurnool, Telangana. It has a rating of 4.5 out of 5. Its recorded popularity score is 559. Entry fee is approximately ₹50. The destination is located near latitude 16.2200 and longitude 78.8800. Visitor feedback includes: ""Nice spot to spend an hour or two. Easily accessible and has a local charm to it."" Visitor feedback includes: ""Good experience visiting here. Plenty of photo spots and friendly local vendors around."""
destination_0173,208,Munnanur Jungle Resort,Nagarkurnool,leisure,destination,"Munnanur Jungle Resort is a leisure tourist destination in Nagarkurnool, Telangana. It has a rating of 5.0 out of 5. Its recorded popularity score is 516. Entry fee is approximately ₹300. The destination is located near latitude 16.3755 and longitude 78.7571. Visitor feedback includes: ""Vibrant atmosphere, great food stalls nearby, and very lively. Kids will love it."" Visitor feedback includes: ""Perfect spot to unwind and relax. Lively crowd and excellent recreational facilities."""
destination_0174,209,Nagarjuna Sagar-Srisailam Tiger Reserve,Nagarkurnool,nature,destination,"Nagarjuna Sagar-Srisailam Tiger Reserve is a nature tourist destination in Nagarkurnool, Telangana. It has a rating of 4.2 out of 5. Its recorded popularity score is 368. Entry fee is approximately ₹20. The destination is located near latitude 16.0348 and longitude 78.9312. Visitor feedback includes: ""An absolute natural paradise! The landscapes are gorgeous and perfect for photography."" Visitor feedback includes: ""Very peaceful and serene environment. Great place to get away from the city noise and enjoy the greenery."""
destination_0175,266,Lalitha Someswara Swamy Temple (Somasila),Nagarkurnool,religious,destination,"Lalitha Someswara Swamy Temple (Somasila) is a religious tourist destination in Nagarkurnool, Telangana. It has a rating of 4.8 out of 5. Its recorded popularity score is 320. Entry is free. The destination is located near latitude 16.0408 and longitude 78.3032. Visitor feedback includes: ""Fascinating cultural and spiritual experience. The temple surroundings are vibrant and well-kept."" Visitor feedback includes: ""Deeply spiritual and calm atmosphere. The architecture is beautiful and the energy is very positive."""
destination_0176,207,Mallela Theertham Waterfalls,Nagarkurnool,nature,destination,"Mallela Theertham Waterfalls is a nature tourist destination in Nagarkurnool, Telangana. It has a rating of 4.9 out of 5. Its recorded popularity score is 214. Entry fee is approximately ₹30. The destination is located near latitude 16.3803 and longitude 78.8687. Visitor feedback includes: ""Loved the walking path and gardens. Clean and well-maintained. Go early in the morning for bird watching."" Visitor feedback includes: ""An absolute natural paradise! The landscapes are gorgeous and perfect for photography."""
destination_0177,267,Jatprole (Jetaprolu),Nagarkurnool,religious,destination,"Jatprole (Jetaprolu) is a religious tourist destination in Nagarkurnool, Telangana. It has a rating of 4.6 out of 5. Its recorded popularity score is 190. Entry is free. The destination is located near latitude 16.0368 and longitude 78.2711. Visitor feedback includes: ""Fascinating cultural and spiritual experience. The temple surroundings are vibrant and well-kept."" Visitor feedback includes: ""Deeply spiritual and calm atmosphere. The architecture is beautiful and the energy is very positive."""
destination_0178,212,Old Fortress on Gutta,Nalgonda,heritage,destination,"Old Fortress on Gutta is a heritage tourist destination in Nalgonda, Telangana. It has a rating of 4.2 out of 5. Its recorded popularity score is 999. Entry fee is approximately ₹200. The destination is located near latitude 17.0459 and longitude 79.2587. Visitor feedback includes: ""Beautiful place to visit with family. Get tickets online to avoid long queues. Best visited in the morning."" Visitor feedback includes: ""Breathtaking views and amazing stonework. A must-visit landmark for history enthusiasts."""
destination_0179,216,Wadapally Sri Meenakshi Agastheeshwara Temple,Nalgonda,religious,destination,"Wadapally Sri Meenakshi Agastheeshwara Temple is a religious tourist destination in Nalgonda, Telangana. It has a rating of 4.6 out of 5. Its recorded popularity score is 876. Entry is free. The destination is located near latitude 16.7266 and longitude 79.1929. Visitor feedback includes: ""A sacred place with peaceful vibes. Very clean premises. Dress respectfully before visiting."" Visitor feedback includes: ""Fascinating cultural and spiritual experience. The temple surroundings are vibrant and well-kept."""
destination_0180,211,Akkampally Reservoir,Nalgonda,nature,destination,"Akkampally Reservoir is a nature tourist destination in Nalgonda, Telangana. It has a rating of 4.5 out of 5. Its recorded popularity score is 835. Entry fee is approximately ₹30. The destination is located near latitude 16.7125 and longitude 79.1305. Visitor feedback includes: ""An absolute natural paradise! The landscapes are gorgeous and perfect for photography."" Visitor feedback includes: ""Very peaceful and serene environment. Great place to get away from the city noise and enjoy the greenery."""
destination_0181,215,Wadapally Sri Lakshmi Narasimha Swamy Temple,Nalgonda,religious,destination,"Wadapally Sri Lakshmi Narasimha Swamy Temple is a religious tourist destination in Nalgonda, Telangana. It has a rating of 4.7 out of 5. Its recorded popularity score is 637. Entry is free. The destination is located near latitude 16.6876 and longitude 79.2109. Visitor feedback includes: ""Deeply spiritual and calm atmosphere. The architecture is beautiful and the energy is very positive."" Visitor feedback includes: ""A sacred place with peaceful vibes. Very clean premises. Dress respectfully before visiting."""
destination_0182,213,Devarakonda Fort,Nalgonda,heritage,destination,"Devarakonda Fort is a heritage tourist destination in Nalgonda, Telangana. It has a rating of 4.1 out of 5. Its recorded popularity score is 621. Entry fee is approximately ₹100. The destination is located near latitude 16.6716 and longitude 79.2429. Visitor feedback includes: ""Beautiful place to visit with family. Get tickets online to avoid long queues. Best visited in the morning."" Visitor feedback includes: ""Breathtaking views and amazing stonework. A must-visit landmark for history enthusiasts."""
destination_0183,210,Latif Saheb Dargah,Nalgonda,religious,destination,"Latif Saheb Dargah is a religious tourist destination in Nalgonda, Telangana. It has a rating of 4.5 out of 5. Its recorded popularity score is 612. Entry is free. The destination is located near latitude 17.0500 and longitude 79.2700. Visitor feedback includes: ""A sacred place with peaceful vibes. Very clean premises. Dress respectfully before visiting."" Visitor feedback includes: ""Fascinating cultural and spiritual experience. The temple surroundings are vibrant and well-kept."""
destination_0184,214,Chaya Someshwara Temple (Panagal),Nalgonda,religious,destination,"Chaya Someshwara Temple (Panagal) is a religious tourist destination in Nalgonda, Telangana. It has a rating of 4.0 out of 5. Its recorded popularity score is 400. Entry is free. The destination is located near latitude 17.0583 and longitude 79.2750. Visitor feedback includes: ""Fascinating cultural and spiritual experience. The temple surroundings are vibrant and well-kept."" Visitor feedback includes: ""Deeply spiritual and calm atmosphere. The architecture is beautiful and the energy is very positive."""
destination_0185,60,Nagarjuna Sagar,Nalgonda,nature,destination,"Nagarjuna Sagar is a nature tourist destination in Nalgonda, Telangana. It has a rating of 4.9 out of 5. Its recorded popularity score is 346. Entry fee is approximately ₹30. The destination is located near latitude 16.4951 and longitude 79.1946. Visitor feedback includes: ""Loved the walking path and gardens. Clean and well-maintained. Go early in the morning for bird watching."" Visitor feedback includes: ""An absolute natural paradise! The landscapes are gorgeous and perfect for photography."""
destination_0186,217,Narayanpet Saree Weaving,Narayanpet,heritage,destination,"Narayanpet Saree Weaving is a heritage tourist destination in Narayanpet, Telangana. It has a rating of 4.5 out of 5. Its recorded popularity score is 947. Entry fee is approximately ₹200. The destination is located near latitude 16.7350 and longitude 77.5020. Visitor feedback includes: ""Beautiful place to visit with family. Get tickets online to avoid long queues. Best visited in the morning."" Visitor feedback includes: ""Breathtaking views and amazing stonework. A must-visit landmark for history enthusiasts."""
destination_0187,224,Shyamgarh Fort,Nirmal,heritage,destination,"Shyamgarh Fort is a heritage tourist destination in Nirmal, Telangana. It has a rating of 4.5 out of 5. Its recorded popularity score is 898. Entry fee is approximately ₹150. The destination is located near latitude 19.0960 and longitude 78.3370. Visitor feedback includes: ""A stunning architectural marvel! The history here is incredibly rich and well-preserved. Guide services are recommended."" Visitor feedback includes: ""Beautiful place to visit with family. Get tickets online to avoid long queues. Best visited in the morning."""
destination_0188,1,Sri Gnana Saraswathi Temple,Nirmal,religious,destination,"Sri Gnana Saraswathi Temple is a religious tourist destination in Nirmal, Telangana. It has a rating of 5.0 out of 5. Its recorded popularity score is 740. Entry is free. The destination is located near latitude 18.8781 and longitude 77.9554. Visitor feedback includes: ""A sacred place with peaceful vibes. Very clean premises. Dress respectfully before visiting."" Visitor feedback includes: ""Fascinating cultural and spiritual experience. The temple surroundings are vibrant and well-kept."""
destination_0189,2,Vyasa Maharshi Cave,Nirmal,religious,destination,"Vyasa Maharshi Cave is a religious tourist destination in Nirmal, Telangana. It has a rating of 5.0 out of 5. Its recorded popularity score is 740. Entry is free. The destination is located near latitude 18.8795 and longitude 77.9540. Visitor feedback includes: ""A sacred place with peaceful vibes. Very clean premises. Dress respectfully before visiting."" Visitor feedback includes: ""Fascinating cultural and spiritual experience. The temple surroundings are vibrant and well-kept."""
destination_0190,218,Bhattisgarh Fort,Nirmal,heritage,destination,"Bhattisgarh Fort is a heritage tourist destination in Nirmal, Telangana. It has a rating of 4.3 out of 5. Its recorded popularity score is 657. Entry fee is approximately ₹100. The destination is located near latitude 19.0967 and longitude 78.3614. Visitor feedback includes: ""Beautiful place to visit with family. Get tickets online to avoid long queues. Best visited in the morning."" Visitor feedback includes: ""Breathtaking views and amazing stonework. A must-visit landmark for history enthusiasts."""
destination_0191,3,Godavari River & Bathing Ghat,Nirmal,other,destination,"Godavari River & Bathing Ghat is a other tourist destination in Nirmal, Telangana. It has a rating of 4.2 out of 5. Its recorded popularity score is 648. Entry fee is approximately ₹30. The destination is located near latitude 18.8770 and longitude 77.9560. Visitor feedback includes: ""Good experience visiting here. Plenty of photo spots and friendly local vendors around."" Visitor feedback includes: ""Nice spot to spend an hour or two. Easily accessible and has a local charm to it."""
destination_0192,223,Pushkar Ghat,Nirmal,other,destination,"Pushkar Ghat is a other tourist destination in Nirmal, Telangana. It has a rating of 4.2 out of 5. Its recorded popularity score is 648. Entry fee is approximately ₹30. The destination is located near latitude 19.0019 and longitude 78.3827. Visitor feedback includes: ""Nice spot to spend an hour or two. Easily accessible and has a local charm to it."" Visitor feedback includes: ""Good experience visiting here. Plenty of photo spots and friendly local vendors around."""
destination_0193,220,Kaddam Lake,Nirmal,nature,destination,"Kaddam Lake is a nature tourist destination in Nirmal, Telangana. It has a rating of 4.6 out of 5. Its recorded popularity score is 512. Entry fee is approximately ₹30. The destination is located near latitude 19.1500 and longitude 78.7286. Visitor feedback includes: ""Loved the walking path and gardens. Clean and well-maintained. Go early in the morning for bird watching."" Visitor feedback includes: ""An absolute natural paradise! The landscapes are gorgeous and perfect for photography."""
destination_0194,221,Kawal WLS/Tiger Reserve,Nirmal,nature,destination,"Kawal WLS/Tiger Reserve is a nature tourist destination in Nirmal, Telangana. It has a rating of 4.8 out of 5. Its recorded popularity score is 446. Entry fee is approximately ₹20. The destination is located near latitude 19.2080 and longitude 78.8274. Visitor feedback includes: ""Very peaceful and serene environment. Great place to get away from the city noise and enjoy the greenery."" Visitor feedback includes: ""Loved the walking path and gardens. Clean and well-maintained. Go early in the morning for bird watching."""
destination_0195,219,Kadam Dam,Nirmal,nature,destination,"Kadam Dam is a nature tourist destination in Nirmal, Telangana. It has a rating of 4.7 out of 5. Its recorded popularity score is 344. Entry fee is approximately ₹40. The destination is located near latitude 19.1410 and longitude 78.7900. Visitor feedback includes: ""Very peaceful and serene environment. Great place to get away from the city noise and enjoy the greenery."" Visitor feedback includes: ""Loved the walking path and gardens. Clean and well-maintained. Go early in the morning for bird watching."""
destination_0196,222,Pochampad Dam,Nirmal,nature,destination,"Pochampad Dam is a nature tourist destination in Nirmal, Telangana. It has a rating of 4.5 out of 5. Its recorded popularity score is 321. Entry fee is approximately ₹20. The destination is located near latitude 18.9718 and longitude 78.3265. Visitor feedback includes: ""An absolute natural paradise! The landscapes are gorgeous and perfect for photography."" Visitor feedback includes: ""Very peaceful and serene environment. Great place to get away from the city noise and enjoy the greenery."""
destination_0197,4,Lord Shiva Temple,Nirmal,religious,destination,"Lord Shiva Temple is a religious tourist destination in Nirmal, Telangana. It has a rating of 4.9 out of 5. Its recorded popularity score is 239. Entry is free. The destination is located near latitude 18.8785 and longitude 77.9550. Visitor feedback includes: ""Deeply spiritual and calm atmosphere. The architecture is beautiful and the energy is very positive."" Visitor feedback includes: ""A sacred place with peaceful vibes. Very clean premises. Dress respectfully before visiting."""
destination_0198,232,Sri Neelakanteshwara Temple,Nizamabad,religious,destination,"Sri Neelakanteshwara Temple is a religious tourist destination in Nizamabad, Telangana. It has a rating of 4.5 out of 5. Its recorded popularity score is 855. Entry is free. The destination is located near latitude 18.7629 and longitude 78.0873. Visitor feedback includes: ""Deeply spiritual and calm atmosphere. The architecture is beautiful and the energy is very positive."" Visitor feedback includes: ""A sacred place with peaceful vibes. Very clean premises. Dress respectfully before visiting."""
destination_0199,230,Sarangapur Hanuman Temple,Nizamabad,religious,destination,"Sarangapur Hanuman Temple is a religious tourist destination in Nizamabad, Telangana. It has a rating of 4.3 out of 5. Its recorded popularity score is 843. Entry is free. The destination is located near latitude 18.7509 and longitude 78.0873. Visitor feedback includes: ""A sacred place with peaceful vibes. Very clean premises. Dress respectfully before visiting."" Visitor feedback includes: ""Fascinating cultural and spiritual experience. The temple surroundings are vibrant and well-kept."""
destination_0200,6,Sri Laxmi Narshima Swamy Temple - Jankampet,Nizamabad,religious,destination,"Sri Laxmi Narshima Swamy Temple - Jankampet is a religious tourist destination in Nizamabad, Telangana. It has a rating of 4.5 out of 5. Its recorded popularity score is 695. Entry is free. The destination is located near latitude 18.7505 and longitude 78.0390. Visitor feedback includes: ""A sacred place with peaceful vibes. Very clean premises. Dress respectfully before visiting."" Visitor feedback includes: ""Fascinating cultural and spiritual experience. The temple surroundings are vibrant and well-kept."""
destination_0201,229,Bugga Rameshwara Temple,Nizamabad,religious,destination,"Bugga Rameshwara Temple is a religious tourist destination in Nizamabad, Telangana. It has a rating of 4.5 out of 5. Its recorded popularity score is 645. Entry is free. The destination is located near latitude 18.7529 and longitude 78.1093. Visitor feedback includes: ""Deeply spiritual and calm atmosphere. The architecture is beautiful and the energy is very positive."" Visitor feedback includes: ""A sacred place with peaceful vibes. Very clean premises. Dress respectfully before visiting."""
destination_0202,7,Ali Sagar Dam,Nizamabad,leisure,destination,"Ali Sagar Dam is a leisure tourist destination in Nizamabad, Telangana. It has a rating of 4.6 out of 5. Its recorded popularity score is 516. Entry fee is approximately ₹300. The destination is located near latitude 18.6475 and longitude 78.0189. Visitor feedback includes: ""Perfect spot to unwind and relax. Lively crowd and excellent recreational facilities."" Visitor feedback includes: ""Super fun place! Lots of activities and great spots to chill with friends. Highly recommended for weekends."""
destination_0203,225,Alisagar Deer Park,Nizamabad,leisure,destination,"Alisagar Deer Park is a leisure tourist destination in Nizamabad, Telangana. It has a rating of 4.6 out of 5. Its recorded popularity score is 516. Entry fee is approximately ₹300. The destination is located near latitude 18.6480 and longitude 78.0195. Visitor feedback includes: ""Super fun place! Lots of activities and great spots to chill with friends. Highly recommended for weekends."" Visitor feedback includes: ""Vibrant atmosphere, great food stalls nearby, and very lively. Kids will love it."""
destination_0204,5,Ashok Sagar / Jankampet Lake,Nizamabad,leisure,destination,"Ashok Sagar / Jankampet Lake is a leisure tourist destination in Nizamabad, Telangana. It has a rating of 4.6 out of 5. Its recorded popularity score is 516. Entry fee is approximately ₹300. The destination is located near latitude 18.7490 and longitude 78.0385. Visitor feedback includes: ""Perfect spot to unwind and relax. Lively crowd and excellent recreational facilities."" Visitor feedback includes: ""Super fun place! Lots of activities and great spots to chill with friends. Highly recommended for weekends."""
destination_0205,227,Nizamabad Fort,Nizamabad,heritage,destination,"Nizamabad Fort is a heritage tourist destination in Nizamabad, Telangana. It has a rating of 4.7 out of 5. Its recorded popularity score is 510. Entry fee is approximately ₹150. The destination is located near latitude 18.6750 and longitude 78.0900. Visitor feedback includes: ""Breathtaking views and amazing stonework. A must-visit landmark for history enthusiasts."" Visitor feedback includes: ""A stunning architectural marvel! The history here is incredibly rich and well-preserved. Guide services are recommended."""
destination_0206,233,Jankampet Lakshmi Narasimha Swamy Temple,Nizamabad,religious,destination,"Jankampet Lakshmi Narasimha Swamy Temple is a religious tourist destination in Nizamabad, Telangana. It has a rating of 4.4 out of 5. Its recorded popularity score is 484. Entry is free. The destination is located near latitude 18.7919 and longitude 78.0833. Visitor feedback includes: ""Deeply spiritual and calm atmosphere. The architecture is beautiful and the energy is very positive."" Visitor feedback includes: ""A sacred place with peaceful vibes. Very clean premises. Dress respectfully before visiting."""
destination_0207,231,Dichpally Ramalayam (Khilla Ramalayam),Nizamabad,religious,destination,"Dichpally Ramalayam (Khilla Ramalayam) is a religious tourist destination in Nizamabad, Telangana. It has a rating of 4.2 out of 5. Its recorded popularity score is 452. Entry is free. The destination is located near latitude 18.7599 and longitude 78.0833. Visitor feedback includes: ""Fascinating cultural and spiritual experience. The temple surroundings are vibrant and well-kept."" Visitor feedback includes: ""Deeply spiritual and calm atmosphere. The architecture is beautiful and the energy is very positive."""
destination_0208,226,Mallaram Forest,Nizamabad,nature,destination,"Mallaram Forest is a nature tourist destination in Nizamabad, Telangana. It has a rating of 4.4 out of 5. Its recorded popularity score is 311. Entry fee is approximately ₹40. The destination is located near latitude 18.6800 and longitude 78.1600. Visitor feedback includes: ""An absolute natural paradise! The landscapes are gorgeous and perfect for photography."" Visitor feedback includes: ""Very peaceful and serene environment. Great place to get away from the city noise and enjoy the greenery."""
destination_0209,228,Sriram Sagar,Nizamabad,nature,destination,"Sriram Sagar is a nature tourist destination in Nizamabad, Telangana. It has a rating of 4.3 out of 5. Its recorded popularity score is 249. Entry fee is approximately ₹30. The destination is located near latitude 18.9565 and longitude 78.1134. Visitor feedback includes: ""Loved the walking path and gardens. Clean and well-maintained. Go early in the morning for bird watching."" Visitor feedback includes: ""An absolute natural paradise! The landscapes are gorgeous and perfect for photography."""
destination_0210,235,Ramagiri Khilla,Peddapalli,heritage,destination,"Ramagiri Khilla is a heritage tourist destination in Peddapalli, Telangana. It has a rating of 4.3 out of 5. Its recorded popularity score is 544. Entry fee is approximately ₹50. The destination is located near latitude 18.5770 and longitude 79.5450. Visitor feedback includes: ""Beautiful place to visit with family. Get tickets online to avoid long queues. Best visited in the morning."" Visitor feedback includes: ""Breathtaking views and amazing stonework. A must-visit landmark for history enthusiasts."""
destination_0211,234,Lanja Madugu Siwaram WLS,Peddapalli,nature,destination,"Lanja Madugu Siwaram WLS is a nature tourist destination in Peddapalli, Telangana. It has a rating of 4.8 out of 5. Its recorded popularity score is 248. Entry fee is approximately ₹20. The destination is located near latitude 18.6791 and longitude 79.7346. Visitor feedback includes: ""An absolute natural paradise! The landscapes are gorgeous and perfect for photography."" Visitor feedback includes: ""Very peaceful and serene environment. Great place to get away from the city noise and enjoy the greenery."""
destination_0212,236,Sabitham Waterfalls,Peddapalli,nature,destination,"Sabitham Waterfalls is a nature tourist destination in Peddapalli, Telangana. It has a rating of 4.6 out of 5. Its recorded popularity score is 188. Entry fee is approximately ₹30. The destination is located near latitude 18.6100 and longitude 79.6200. Visitor feedback includes: ""An absolute natural paradise! The landscapes are gorgeous and perfect for photography."" Visitor feedback includes: ""Very peaceful and serene environment. Great place to get away from the city noise and enjoy the greenery."""
destination_0213,54,Vemulawada Raja Rajeshwara Swamy Temple,Rajanna Sircilla,religious,destination,"Vemulawada Raja Rajeshwara Swamy Temple is a religious tourist destination in Rajanna Sircilla, Telangana. It has a rating of 4.8 out of 5. Its recorded popularity score is 568. Entry is free. The destination is located near latitude 18.3640 and longitude 78.8350. Visitor feedback includes: ""A sacred place with peaceful vibes. Very clean premises. Dress respectfully before visiting."" Visitor feedback includes: ""Fascinating cultural and spiritual experience. The temple surroundings are vibrant and well-kept."""
destination_0214,239,Upper Manair Dam,Rajanna Sircilla,nature,destination,"Upper Manair Dam is a nature tourist destination in Rajanna Sircilla, Telangana. It has a rating of 4.6 out of 5. Its recorded popularity score is 525. Entry fee is approximately ₹30. The destination is located near latitude 18.2713 and longitude 78.5471. Visitor feedback includes: ""An absolute natural paradise! The landscapes are gorgeous and perfect for photography."" Visitor feedback includes: ""Very peaceful and serene environment. Great place to get away from the city noise and enjoy the greenery."""
destination_0215,238,Mid Manair Dam,Rajanna Sircilla,nature,destination,"Mid Manair Dam is a nature tourist destination in Rajanna Sircilla, Telangana. It has a rating of 4.4 out of 5. Its recorded popularity score is 421. Entry fee is approximately ₹40. The destination is located near latitude 18.4029 and longitude 78.9458. Visitor feedback includes: ""Loved the walking path and gardens. Clean and well-maintained. Go early in the morning for bird watching."" Visitor feedback includes: ""An absolute natural paradise! The landscapes are gorgeous and perfect for photography."""
destination_0216,237,Ananthagiri Storage Reservoir,Rajanna Sircilla,nature,destination,"Ananthagiri Storage Reservoir is a nature tourist destination in Rajanna Sircilla, Telangana. It has a rating of 4.1 out of 5. Its recorded popularity score is 141. Entry fee is approximately ₹30. The destination is located near latitude 18.3710 and longitude 78.7540. Visitor feedback includes: ""Very peaceful and serene environment. Great place to get away from the city noise and enjoy the greenery."" Visitor feedback includes: ""Loved the walking path and gardens. Clean and well-maintained. Go early in the morning for bird watching."""
destination_0217,57,Chilukur Balaji Temple,Ranga Reddy,religious,destination,"Chilukur Balaji Temple is a religious tourist destination in Ranga Reddy, Telangana. It has a rating of 4.8 out of 5. Its recorded popularity score is 898. Entry is free. The destination is located near latitude 17.3486 and longitude 78.4211. Visitor feedback includes: ""Fascinating cultural and spiritual experience. The temple surroundings are vibrant and well-kept."" Visitor feedback includes: ""Deeply spiritual and calm atmosphere. The architecture is beautiful and the energy is very positive."""
destination_0218,242,Kanha Shanti Vanam,Ranga Reddy,leisure,destination,"Kanha Shanti Vanam is a leisure tourist destination in Ranga Reddy, Telangana. It has a rating of 4.9 out of 5. Its recorded popularity score is 850. Entry is free. The destination is located near latitude 17.1472 and longitude 78.2672. Visitor feedback includes: ""Vibrant atmosphere, great food stalls nearby, and very lively. Kids will love it."" Visitor feedback includes: ""Perfect spot to unwind and relax. Lively crowd and excellent recreational facilities."""
destination_0219,246,Pahadi Shareef Dargah,Ranga Reddy,religious,destination,"Pahadi Shareef Dargah is a religious tourist destination in Ranga Reddy, Telangana. It has a rating of 4.2 out of 5. Its recorded popularity score is 786. Entry is free. The destination is located near latitude 17.2677 and longitude 78.4719. Visitor feedback includes: ""A sacred place with peaceful vibes. Very clean premises. Dress respectfully before visiting."" Visitor feedback includes: ""Fascinating cultural and spiritual experience. The temple surroundings are vibrant and well-kept."""
destination_0220,63,Sanghi Temple,Ranga Reddy,religious,destination,"Sanghi Temple is a religious tourist destination in Ranga Reddy, Telangana. It has a rating of 4.7 out of 5. Its recorded popularity score is 774. Entry is free. The destination is located near latitude 17.2660 and longitude 78.6820. Visitor feedback includes: ""A sacred place with peaceful vibes. Very clean premises. Dress respectfully before visiting."" Visitor feedback includes: ""Fascinating cultural and spiritual experience. The temple surroundings are vibrant and well-kept."""
destination_0221,247,Wonderla Hyderabad,Ranga Reddy,leisure,destination,"Wonderla Hyderabad is a leisure tourist destination in Ranga Reddy, Telangana. It has a rating of 4.9 out of 5. Its recorded popularity score is 769. Entry fee is approximately ₹50. The destination is located near latitude 17.3196 and longitude 78.4481. Visitor feedback includes: ""Super fun place! Lots of activities and great spots to chill with friends. Highly recommended for weekends."" Visitor feedback includes: ""Vibrant atmosphere, great food stalls nearby, and very lively. Kids will love it."""
destination_0222,244,Maheshwaram Pyramid Temple,Ranga Reddy,religious,destination,"Maheshwaram Pyramid Temple is a religious tourist destination in Ranga Reddy, Telangana. It has a rating of 4.8 out of 5. Its recorded popularity score is 728. Entry is free. The destination is located near latitude 17.1350 and longitude 78.4350. Visitor feedback includes: ""A sacred place with peaceful vibes. Very clean premises. Dress respectfully before visiting."" Visitor feedback includes: ""Fascinating cultural and spiritual experience. The temple surroundings are vibrant and well-kept."""
destination_0223,42,Ramoji Film City,Ranga Reddy,leisure,destination,"Ramoji Film City is a leisure tourist destination in Ranga Reddy, Telangana. It has a rating of 4.8 out of 5. Its recorded popularity score is 644. Entry fee is approximately ₹300. The destination is located near latitude 17.2543 and longitude 78.6806. Visitor feedback includes: ""Vibrant atmosphere, great food stalls nearby, and very lively. Kids will love it."" Visitor feedback includes: ""Perfect spot to unwind and relax. Lively crowd and excellent recreational facilities."""
destination_0224,240,Devatala Gutta,Ranga Reddy,nature,destination,"Devatala Gutta is a nature tourist destination in Ranga Reddy, Telangana. It has a rating of 4.9 out of 5. Its recorded popularity score is 643. Entry fee is approximately ₹30. The destination is located near latitude 17.2957 and longitude 78.5133. Visitor feedback includes: ""An absolute natural paradise! The landscapes are gorgeous and perfect for photography."" Visitor feedback includes: ""Very peaceful and serene environment. Great place to get away from the city noise and enjoy the greenery."""
destination_0225,248,Mrugavani National Park,Ranga Reddy,leisure,destination,"Mrugavani National Park is a leisure tourist destination in Ranga Reddy, Telangana. It has a rating of 4.9 out of 5. Its recorded popularity score is 599. Entry fee is approximately ₹50. The destination is located near latitude 17.3496 and longitude 78.3701. Visitor feedback includes: ""Perfect spot to unwind and relax. Lively crowd and excellent recreational facilities."" Visitor feedback includes: ""Super fun place! Lots of activities and great spots to chill with friends. Highly recommended for weekends."""
destination_0226,69,Himayat Sagar Lake,Ranga Reddy,nature,destination,"Himayat Sagar Lake is a nature tourist destination in Ranga Reddy, Telangana. It has a rating of 4.2 out of 5. Its recorded popularity score is 597. Entry fee is approximately ₹20. The destination is located near latitude 17.3135 and longitude 78.3536. Visitor feedback includes: ""An absolute natural paradise! The landscapes are gorgeous and perfect for photography."" Visitor feedback includes: ""Very peaceful and serene environment. Great place to get away from the city noise and enjoy the greenery."""
destination_0227,241,Fakhruddin Gutta,Ranga Reddy,nature,destination,"Fakhruddin Gutta is a nature tourist destination in Ranga Reddy, Telangana. It has a rating of 4.4 out of 5. Its recorded popularity score is 505. Entry fee is approximately ₹40. The destination is located near latitude 17.4098 and longitude 78.3652. Visitor feedback includes: ""Very peaceful and serene environment. Great place to get away from the city noise and enjoy the greenery."" Visitor feedback includes: ""Loved the walking path and gardens. Clean and well-maintained. Go early in the morning for bird watching."""
destination_0228,84,Ocean Park,Ranga Reddy,leisure,destination,"Ocean Park is a leisure tourist destination in Ranga Reddy, Telangana. It has a rating of 4.4 out of 5. Its recorded popularity score is 500. Entry fee is approximately ₹300. The destination is located near latitude 17.3898 and longitude 78.3289. Visitor feedback includes: ""Super fun place! Lots of activities and great spots to chill with friends. Highly recommended for weekends."" Visitor feedback includes: ""Vibrant atmosphere, great food stalls nearby, and very lively. Kids will love it."""
destination_0229,87,Mount Opera,Ranga Reddy,leisure,destination,"Mount Opera is a leisure tourist destination in Ranga Reddy, Telangana. It has a rating of 4.7 out of 5. Its recorded popularity score is 481. Entry fee is approximately ₹400. The destination is located near latitude 17.3151 and longitude 78.7218. Visitor feedback includes: ""Perfect spot to unwind and relax. Lively crowd and excellent recreational facilities."" Visitor feedback includes: ""Super fun place! Lots of activities and great spots to chill with friends. Highly recommended for weekends."""
destination_0230,243,Kripalu Cave,Ranga Reddy,other,destination,"Kripalu Cave is a other tourist destination in Ranga Reddy, Telangana. It has a rating of 4.6 out of 5. Its recorded popularity score is 475. Entry fee is approximately ₹50. The destination is located near latitude 17.2604 and longitude 78.6808. Visitor feedback includes: ""Good experience visiting here. Plenty of photo spots and friendly local vendors around."" Visitor feedback includes: ""Nice spot to spend an hour or two. Easily accessible and has a local charm to it."""
destination_0231,74,Mrigavani National Park,Ranga Reddy,leisure,destination,"Mrigavani National Park is a leisure tourist destination in Ranga Reddy, Telangana. It has a rating of 4.4 out of 5. Its recorded popularity score is 444. Entry fee is approximately ₹50. The destination is located near latitude 17.2946 and longitude 78.3931. Visitor feedback includes: ""Super fun place! Lots of activities and great spots to chill with friends. Highly recommended for weekends."" Visitor feedback includes: ""Vibrant atmosphere, great food stalls nearby, and very lively. Kids will love it."""
destination_0232,43,Sri Rama Chandra Temple - Ammapalli,Ranga Reddy,religious,destination,"Sri Rama Chandra Temple - Ammapalli is a religious tourist destination in Ranga Reddy, Telangana. It has a rating of 4.5 out of 5. Its recorded popularity score is 345. Entry is free. The destination is located near latitude 17.2956 and longitude 78.3841. Visitor feedback includes: ""A sacred place with peaceful vibes. Very clean premises. Dress respectfully before visiting."" Visitor feedback includes: ""Fascinating cultural and spiritual experience. The temple surroundings are vibrant and well-kept."""
destination_0233,68,Durgam Cheruvu / Secret Lake,Ranga Reddy,nature,destination,"Durgam Cheruvu / Secret Lake is a nature tourist destination in Ranga Reddy, Telangana. It has a rating of 4.8 out of 5. Its recorded popularity score is 340. Entry fee is approximately ₹20. The destination is located near latitude 17.4311 and longitude 78.3900. Visitor feedback includes: ""Very peaceful and serene environment. Great place to get away from the city noise and enjoy the greenery."" Visitor feedback includes: ""Loved the walking path and gardens. Clean and well-maintained. Go early in the morning for bird watching."""
destination_0234,71,Botanical Gardens,Ranga Reddy,other,destination,"Botanical Gardens is a other tourist destination in Ranga Reddy, Telangana. It has a rating of 4.9 out of 5. Its recorded popularity score is 338. Entry fee is approximately ₹30. The destination is located near latitude 17.4557 and longitude 78.3622. Visitor feedback includes: ""Good experience visiting here. Plenty of photo spots and friendly local vendors around."" Visitor feedback includes: ""Nice spot to spend an hour or two. Easily accessible and has a local charm to it."""
destination_0235,85,Shilparamam,Ranga Reddy,leisure,destination,"Shilparamam is a leisure tourist destination in Ranga Reddy, Telangana. It has a rating of 4.6 out of 5. Its recorded popularity score is 303. Entry fee is approximately ₹200. The destination is located near latitude 17.4528 and longitude 78.3793. Visitor feedback includes: ""Vibrant atmosphere, great food stalls nearby, and very lively. Kids will love it."" Visitor feedback includes: ""Perfect spot to unwind and relax. Lively crowd and excellent recreational facilities."""
destination_0236,58,Kamaldham Mandir / Lotus Temple,Ranga Reddy,religious,destination,"Kamaldham Mandir / Lotus Temple is a religious tourist destination in Ranga Reddy, Telangana. It has a rating of 4.0 out of 5. Its recorded popularity score is 300. Entry is free. The destination is located near latitude 17.2506 and longitude 78.4161. Visitor feedback includes: ""A sacred place with peaceful vibes. Very clean premises. Dress respectfully before visiting."" Visitor feedback includes: ""Fascinating cultural and spiritual experience. The temple surroundings are vibrant and well-kept."""
destination_0237,70,Osman Sagar Lake / Gandipet,Ranga Reddy,nature,destination,"Osman Sagar Lake / Gandipet is a nature tourist destination in Ranga Reddy, Telangana. It has a rating of 4.4 out of 5. Its recorded popularity score is 241. Entry fee is approximately ₹40. The destination is located near latitude 17.3747 and longitude 78.2878. Visitor feedback includes: ""Loved the walking path and gardens. Clean and well-maintained. Go early in the morning for bird watching."" Visitor feedback includes: ""An absolute natural paradise! The landscapes are gorgeous and perfect for photography."""
destination_0238,245,Nizami View Point,Ranga Reddy,nature,destination,"Nizami View Point is a nature tourist destination in Ranga Reddy, Telangana. It has a rating of 4.7 out of 5. Its recorded popularity score is 222. Entry fee is approximately ₹40. The destination is located near latitude 17.3806 and longitude 78.3172. Visitor feedback includes: ""Very peaceful and serene environment. Great place to get away from the city noise and enjoy the greenery."" Visitor feedback includes: ""Loved the walking path and gardens. Clean and well-maintained. Go early in the morning for bird watching."""
destination_0239,79,Mahavir Harina Vanasthali National Park,Ranga Reddy,nature,destination,"Mahavir Harina Vanasthali National Park is a nature tourist destination in Ranga Reddy, Telangana. It has a rating of 4.9 out of 5. Its recorded popularity score is 173. Entry fee is approximately ₹30. The destination is located near latitude 17.3610 and longitude 78.6078. Visitor feedback includes: ""Very peaceful and serene environment. Great place to get away from the city noise and enjoy the greenery."" Visitor feedback includes: ""Loved the walking path and gardens. Clean and well-maintained. Go early in the morning for bird watching."""
destination_0240,250,Heritage Jail Museum,Sangareddy,heritage,destination,"Heritage Jail Museum is a heritage tourist destination in Sangareddy, Telangana. It has a rating of 4.4 out of 5. Its recorded popularity score is 943. Entry fee is approximately ₹200. The destination is located near latitude 17.6178 and longitude 78.0862. Visitor feedback includes: ""Breathtaking views and amazing stonework. A must-visit landmark for history enthusiasts."" Visitor feedback includes: ""A stunning architectural marvel! The history here is incredibly rich and well-preserved. Guide services are recommended."""
destination_0241,251,Manjeera Crocodile Wildlife Sanctuary,Sangareddy,nature,destination,"Manjeera Crocodile Wildlife Sanctuary is a nature tourist destination in Sangareddy, Telangana. It has a rating of 4.3 out of 5. Its recorded popularity score is 513. Entry fee is approximately ₹30. The destination is located near latitude 17.7015 and longitude 78.0020. Visitor feedback includes: ""Very peaceful and serene environment. Great place to get away from the city noise and enjoy the greenery."" Visitor feedback includes: ""Loved the walking path and gardens. Clean and well-maintained. Go early in the morning for bird watching."""
destination_0242,49,Singur Dam,Sangareddy,nature,destination,"Singur Dam is a nature tourist destination in Sangareddy, Telangana. It has a rating of 4.9 out of 5. Its recorded popularity score is 495. Entry fee is approximately ₹30. The destination is located near latitude 17.7472 and longitude 77.8105. Visitor feedback includes: ""Very peaceful and serene environment. Great place to get away from the city noise and enjoy the greenery."" Visitor feedback includes: ""Loved the walking path and gardens. Clean and well-maintained. Go early in the morning for bird watching."""
destination_0243,253,Penthouse Cave,Sangareddy,nature,destination,"Penthouse Cave is a nature tourist destination in Sangareddy, Telangana. It has a rating of 4.9 out of 5. Its recorded popularity score is 467. Entry fee is approximately ₹30. The destination is located near latitude 18.2001 and longitude 77.6985. Visitor feedback includes: ""An absolute natural paradise! The landscapes are gorgeous and perfect for photography."" Visitor feedback includes: ""Very peaceful and serene environment. Great place to get away from the city noise and enjoy the greenery."""
destination_0244,252,Manjira Dam,Sangareddy,nature,destination,"Manjira Dam is a nature tourist destination in Sangareddy, Telangana. It has a rating of 4.8 out of 5. Its recorded popularity score is 209. Entry fee is approximately ₹20. The destination is located near latitude 17.6568 and longitude 78.0756. Visitor feedback includes: ""Very peaceful and serene environment. Great place to get away from the city noise and enjoy the greenery."" Visitor feedback includes: ""Loved the walking path and gardens. Clean and well-maintained. Go early in the morning for bird watching."""
destination_0245,249,Ameenpur Lake,Sangareddy,nature,destination,"Ameenpur Lake is a nature tourist destination in Sangareddy, Telangana. It has a rating of 4.9 out of 5. Its recorded popularity score is 192. Entry fee is approximately ₹30. The destination is located near latitude 17.5236 and longitude 78.3334. Visitor feedback includes: ""Loved the walking path and gardens. Clean and well-maintained. Go early in the morning for bird watching."" Visitor feedback includes: ""An absolute natural paradise! The landscapes are gorgeous and perfect for photography."""
destination_0246,256,Ranganayaka Sagar Reservoir,Siddipet,nature,destination,"Ranganayaka Sagar Reservoir is a nature tourist destination in Siddipet, Telangana. It has a rating of 4.6 out of 5. Its recorded popularity score is 816. Entry fee is approximately ₹30. The destination is located near latitude 18.1521 and longitude 78.8533. Visitor feedback includes: ""Very peaceful and serene environment. Great place to get away from the city noise and enjoy the greenery."" Visitor feedback includes: ""Loved the walking path and gardens. Clean and well-maintained. Go early in the morning for bird watching."""
destination_0247,254,Komuravelli Mallikarjuna Swamy Temple,Siddipet,religious,destination,"Komuravelli Mallikarjuna Swamy Temple is a religious tourist destination in Siddipet, Telangana. It has a rating of 4.6 out of 5. Its recorded popularity score is 687. Entry is free. The destination is located near latitude 17.8864 and longitude 78.9662. Visitor feedback includes: ""A sacred place with peaceful vibes. Very clean premises. Dress respectfully before visiting."" Visitor feedback includes: ""Fascinating cultural and spiritual experience. The temple surroundings are vibrant and well-kept."""
destination_0248,46,Wargal Saraswati Temple,Siddipet,religious,destination,"Wargal Saraswati Temple is a religious tourist destination in Siddipet, Telangana. It has a rating of 4.8 out of 5. Its recorded popularity score is 476. Entry is free. The destination is located near latitude 17.7812 and longitude 78.6305. Visitor feedback includes: ""Fascinating cultural and spiritual experience. The temple surroundings are vibrant and well-kept."" Visitor feedback includes: ""Deeply spiritual and calm atmosphere. The architecture is beautiful and the energy is very positive."""
destination_0249,255,Konda Pochamma Sagar Reservoir,Siddipet,nature,destination,"Konda Pochamma Sagar Reservoir is a nature tourist destination in Siddipet, Telangana. It has a rating of 4.0 out of 5. Its recorded popularity score is 380. Entry fee is approximately ₹30. The destination is located near latitude 17.7610 and longitude 78.7123. Visitor feedback includes: ""An absolute natural paradise! The landscapes are gorgeous and perfect for photography."" Visitor feedback includes: ""Very peaceful and serene environment. Great place to get away from the city noise and enjoy the greenery."""
destination_0250,260,Mellacheruvu Shambhu Lingeswara Temple,Suryapet,religious,destination,"Mellacheruvu Shambhu Lingeswara Temple is a religious tourist destination in Suryapet, Telangana. It has a rating of 4.3 out of 5. Its recorded popularity score is 783. Entry is free. The destination is located near latitude 17.1223 and longitude 79.6742. Visitor feedback includes: ""Deeply spiritual and calm atmosphere. The architecture is beautiful and the energy is very positive."" Visitor feedback includes: ""A sacred place with peaceful vibes. Very clean premises. Dress respectfully before visiting."""
destination_0251,257,Phanigiri Buddhist Site,Suryapet,heritage,destination,"Phanigiri Buddhist Site is a heritage tourist destination in Suryapet, Telangana. It has a rating of 4.8 out of 5. Its recorded popularity score is 707. Entry fee is approximately ₹200. The destination is located near latitude 17.3400 and longitude 79.4800. Visitor feedback includes: ""Breathtaking views and amazing stonework. A must-visit landmark for history enthusiasts."" Visitor feedback includes: ""A stunning architectural marvel! The history here is incredibly rich and well-preserved. Guide services are recommended."""
destination_0252,259,Undrugonda Fort,Suryapet,heritage,destination,"Undrugonda Fort is a heritage tourist destination in Suryapet, Telangana. It has a rating of 4.5 out of 5. Its recorded popularity score is 511. Entry fee is approximately ₹200. The destination is located near latitude 17.0939 and longitude 79.6816. Visitor feedback includes: ""A stunning architectural marvel! The history here is incredibly rich and well-preserved. Guide services are recommended."" Visitor feedback includes: ""Beautiful place to visit with family. Get tickets online to avoid long queues. Best visited in the morning."""
destination_0253,258,Pillalamarri Temple,Suryapet,religious,destination,"Pillalamarri Temple is a religious tourist destination in Suryapet, Telangana. It has a rating of 4.9 out of 5. Its recorded popularity score is 507. Entry is free. The destination is located near latitude 17.1510 and longitude 79.6100. Visitor feedback includes: ""Fascinating cultural and spiritual experience. The temple surroundings are vibrant and well-kept."" Visitor feedback includes: ""Deeply spiritual and calm atmosphere. The architecture is beautiful and the energy is very positive."""
destination_0254,45,Bugga Rameshwaram Temple - Anantagiri Hills,Vikarabad,religious,destination,"Bugga Rameshwaram Temple - Anantagiri Hills is a religious tourist destination in Vikarabad, Telangana. It has a rating of 4.7 out of 5. Its recorded popularity score is 777. Entry is free. The destination is located near latitude 17.4029 and longitude 77.7243. Visitor feedback includes: ""Deeply spiritual and calm atmosphere. The architecture is beautiful and the energy is very positive."" Visitor feedback includes: ""A sacred place with peaceful vibes. Very clean premises. Dress respectfully before visiting."""
destination_0255,261,Anantha Padmanabha Swamy Temple,Vikarabad,religious,destination,"Anantha Padmanabha Swamy Temple is a religious tourist destination in Vikarabad, Telangana. It has a rating of 4.3 out of 5. Its recorded popularity score is 721. Entry is free. The destination is located near latitude 17.3115 and longitude 77.8654. Visitor feedback includes: ""A sacred place with peaceful vibes. Very clean premises. Dress respectfully before visiting."" Visitor feedback includes: ""Fascinating cultural and spiritual experience. The temple surroundings are vibrant and well-kept."""
destination_0256,44,Anantagiri Hills,Vikarabad,nature,destination,"Anantagiri Hills is a nature tourist destination in Vikarabad, Telangana. It has a rating of 4.0 out of 5. Its recorded popularity score is 690. Entry fee is approximately ₹30. The destination is located near latitude 17.4159 and longitude 77.8073. Visitor feedback includes: ""An absolute natural paradise! The landscapes are gorgeous and perfect for photography."" Visitor feedback includes: ""Very peaceful and serene environment. Great place to get away from the city noise and enjoy the greenery."""
destination_0257,262,Chincholi Wildlife Sanctuary,Vikarabad,nature,destination,"Chincholi Wildlife Sanctuary is a nature tourist destination in Vikarabad, Telangana. It has a rating of 4.8 out of 5. Its recorded popularity score is 468. Entry fee is approximately ₹30. The destination is located near latitude 17.3939 and longitude 77.7373. Visitor feedback includes: ""Loved the walking path and gardens. Clean and well-maintained. Go early in the morning for bird watching."" Visitor feedback includes: ""An absolute natural paradise! The landscapes are gorgeous and perfect for photography."""
destination_0258,263,Kotepally Reservoir,Vikarabad,nature,destination,"Kotepally Reservoir is a nature tourist destination in Vikarabad, Telangana. It has a rating of 4.3 out of 5. Its recorded popularity score is 167. Entry fee is approximately ₹30. The destination is located near latitude 17.3820 and longitude 77.7280. Visitor feedback includes: ""An absolute natural paradise! The landscapes are gorgeous and perfect for photography."" Visitor feedback includes: ""Very peaceful and serene environment. Great place to get away from the city noise and enjoy the greenery."""
destination_0259,265,Wanaparthy Palace,Wanaparthy,heritage,destination,"Wanaparthy Palace is a heritage tourist destination in Wanaparthy, Telangana. It has a rating of 4.6 out of 5. Its recorded popularity score is 742. Entry fee is approximately ₹150. The destination is located near latitude 16.3620 and longitude 78.0610. Visitor feedback includes: ""Beautiful place to visit with family. Get tickets online to avoid long queues. Best visited in the morning."" Visitor feedback includes: ""Breathtaking views and amazing stonework. A must-visit landmark for history enthusiasts."""
destination_0260,264,Sarala Sagar Project,Wanaparthy,nature,destination,"Sarala Sagar Project is a nature tourist destination in Wanaparthy, Telangana. It has a rating of 4.9 out of 5. Its recorded popularity score is 348. Entry fee is approximately ₹30. The destination is located near latitude 16.2710 and longitude 77.9400. Visitor feedback includes: ""Very peaceful and serene environment. Great place to get away from the city noise and enjoy the greenery."" Visitor feedback includes: ""Loved the walking path and gardens. Clean and well-maintained. Go early in the morning for bird watching."""
destination_0261,16,Warangal Fort,Warangal,heritage,destination,"Warangal Fort is a heritage tourist destination in Warangal, Telangana. It has a rating of 4.4 out of 5. Its recorded popularity score is 779. Entry fee is approximately ₹200. The destination is located near latitude 17.9555 and longitude 79.6158. Visitor feedback includes: ""Beautiful place to visit with family. Get tickets online to avoid long queues. Best visited in the morning."" Visitor feedback includes: ""Breathtaking views and amazing stonework. A must-visit landmark for history enthusiasts."""
destination_0262,24,Pakhal Lake & Wildlife Sanctuary,Warangal,nature,destination,"Pakhal Lake & Wildlife Sanctuary is a nature tourist destination in Warangal, Telangana. It has a rating of 5.0 out of 5. Its recorded popularity score is 640. Entry fee is approximately ₹40. The destination is located near latitude 17.9500 and longitude 79.9800. Visitor feedback includes: ""An absolute natural paradise! The landscapes are gorgeous and perfect for photography."" Visitor feedback includes: ""Very peaceful and serene environment. Great place to get away from the city noise and enjoy the greenery."""
destination_0263,269,Rani Rudramadevi Statue,Warangal,heritage,destination,"Rani Rudramadevi Statue is a heritage tourist destination in Warangal, Telangana. It has a rating of 5.0 out of 5. Its recorded popularity score is 611. Entry fee is approximately ₹200. The destination is located near latitude 17.9877 and longitude 79.6013. Visitor feedback includes: ""Breathtaking views and amazing stonework. A must-visit landmark for history enthusiasts."" Visitor feedback includes: ""A stunning architectural marvel! The history here is incredibly rich and well-preserved. Guide services are recommended."""
destination_0264,268,Chinna waddepalli lake (Local lake),Warangal,other,destination,"Chinna waddepalli lake (Local lake) is a other tourist destination in Warangal, Telangana. It has a rating of 4.8 out of 5. Its recorded popularity score is 478. Entry fee is approximately ₹30. The destination is located near latitude 18.0065 and longitude 79.6000. Visitor feedback includes: ""Good experience visiting here. Plenty of photo spots and friendly local vendors around."" Visitor feedback includes: ""Nice spot to spend an hour or two. Easily accessible and has a local charm to it."""
destination_0265,271,Rachakonda Fort,Yadadri Bhuvanagiri,heritage,destination,"Rachakonda Fort is a heritage tourist destination in Yadadri Bhuvanagiri, Telangana. It has a rating of 4.0 out of 5. Its recorded popularity score is 760. Entry fee is approximately ₹100. The destination is located near latitude 17.1852 and longitude 78.8042. Visitor feedback includes: ""A stunning architectural marvel! The history here is incredibly rich and well-preserved. Guide services are recommended."" Visitor feedback includes: ""Beautiful place to visit with family. Get tickets online to avoid long queues. Best visited in the morning."""
destination_0266,47,Bhongir Fort,Yadadri Bhuvanagiri,heritage,destination,"Bhongir Fort is a heritage tourist destination in Yadadri Bhuvanagiri, Telangana. It has a rating of 4.3 out of 5. Its recorded popularity score is 588. Entry fee is approximately ₹50. The destination is located near latitude 17.5149 and longitude 78.8924. Visitor feedback includes: ""Breathtaking views and amazing stonework. A must-visit landmark for history enthusiasts."" Visitor feedback includes: ""A stunning architectural marvel! The history here is incredibly rich and well-preserved. Guide services are recommended."""
destination_0267,18,Jain Temple - Kolanupaka,Yadadri Bhuvanagiri,religious,destination,"Jain Temple - Kolanupaka is a religious tourist destination in Yadadri Bhuvanagiri, Telangana. It has a rating of 4.9 out of 5. Its recorded popularity score is 421. Entry is free. The destination is located near latitude 17.7082 and longitude 78.9702. Visitor feedback includes: ""Fascinating cultural and spiritual experience. The temple surroundings are vibrant and well-kept."" Visitor feedback includes: ""Deeply spiritual and calm atmosphere. The architecture is beautiful and the energy is very positive."""
destination_0268,30,Sri Someswara Temple - Kolanupaka,Yadadri Bhuvanagiri,religious,destination,"Sri Someswara Temple - Kolanupaka is a religious tourist destination in Yadadri Bhuvanagiri, Telangana. It has a rating of 4.9 out of 5. Its recorded popularity score is 421. Entry is free. The destination is located near latitude 17.7075 and longitude 78.9698. Visitor feedback includes: ""A sacred place with peaceful vibes. Very clean premises. Dress respectfully before visiting."" Visitor feedback includes: ""Fascinating cultural and spiritual experience. The temple surroundings are vibrant and well-kept."""
destination_0269,21,Sri Veeranarayana Temple,Yadadri Bhuvanagiri,religious,destination,"Sri Veeranarayana Temple is a religious tourist destination in Yadadri Bhuvanagiri, Telangana. It has a rating of 4.9 out of 5. Its recorded popularity score is 421. Entry is free. The destination is located near latitude 17.7090 and longitude 78.9715. Visitor feedback includes: ""A sacred place with peaceful vibes. Very clean premises. Dress respectfully before visiting."" Visitor feedback includes: ""Fascinating cultural and spiritual experience. The temple surroundings are vibrant and well-kept."""
destination_0270,270,Pochampally Handloom Park,Yadadri Bhuvanagiri,other,destination,"Pochampally Handloom Park is a other tourist destination in Yadadri Bhuvanagiri, Telangana. It has a rating of 4.4 out of 5. Its recorded popularity score is 305. Entry fee is approximately ₹50. The destination is located near latitude 17.3484 and longitude 78.8143. Visitor feedback includes: ""Nice spot to spend an hour or two. Easily accessible and has a local charm to it."" Visitor feedback includes: ""Good experience visiting here. Plenty of photo spots and friendly local vendors around."""
destination_0271,52,Yadagirigutta,Yadadri Bhuvanagiri,other,destination,"Yadagirigutta is a other tourist destination in Yadadri Bhuvanagiri, Telangana. It has a rating of 4.3 out of 5. Its recorded popularity score is 173. Entry fee is approximately ₹50. The destination is located near latitude 17.5888 and longitude 78.9497. Visitor feedback includes: ""Good experience visiting here. Plenty of photo spots and friendly local vendors around."" Visitor feedback includes: ""Nice spot to spend an hour or two. Easily accessible and has a local charm to it."""
